,epoch_time,#SampleID,BarcodeSequence,LinkerPrimerSequence,SAMP_COLLECT_DEVICE,ASSIGNED_FROM_GEO,EXPERIMENT_CENTER,TITLE,BIOLOGIC_SPECIMEN,AGE,TARGET_SUBFRAGMENT,TOT_MASS,COMMON_NAME,DEPTH,BODY_SITE,ANONYMIZED_NAME,SAMPLE_CENTER,HOST_TAXID,TAXON_ID,BODY_SITE.1,ELEVATION,RUN_DATE,COLLECTION_DATE,ALTITUDE,RUN_PREFIX,ENV_BIOME,SEX,PLATFORM,LOCATION,COUNTRY,HEIGHT_OR_LENGTH,EXPERIMENT_TITLE,ANONYMIZED_NAME.1,STOOL_NUMBER,SAMP_SIZE,AGE_UNIT,BODY_HABITAT,STUDY_ID,LIBRARY_CONSTRUCTION_PROTOCOL,EXPERIMENT_DESIGN_DESCRIPTION,LONGITUDE,HOST_COMMON_NAME,DOMINANT_HAND,HOST_NATION,ENV_MATTER,TARGET_GENE,ENV_FEATURE,KEY_SEQ,BODY_PRODUCT,REGION,RUN_CENTER,SMOKER,PCR_PRIMERS,SEQUENCING_METH,HOST_SUBJECT_ID,LATITUDE,PUBLIC,STUDY_CENTER,Description,ill_epoch,Time,unifrac_1st_diff
0,1200528000,1015_1_18_M01_S,TGGAGCCTTGTC,GTGTGCCAGCMGCCGCGGTAA,swab,n,CCME,Knight_Bangladesh_travel_series,stool,33.0,V4,184.8,human gut metagenome,0,UBERON:feces,M01,CCME,9606,408170,UBERON:feces,1624.1,2/25/13,1/18/12,0.0,Bangladesh_FO_16s_NoIndex_sequences,ENVO:human-associated habitat,male,illumina,"Boulder, CO",GAZ:United States of America,170.0,Knight_Bangladesh_travel_series,M01,1.0,".1,g",years,UBERON:feces,1015,Illumina HiSeq V4,time series for 4 travellers who went to Bangladesh on the same trip,-105.27,human,right,Mexico,ENVO:feces,16S rRNA,ENVO:human-associated habitat,,UBERON:feces,,CCME,n,FWD:GTGCCAGCMGCCGCGGTAA; REV:GGACTACHVGGGTWTCTAAT,Sequencing by synthesis,1015:M01,40.01,n,CCME,M01 stool,1203465600,-34.0,0.146996241542
1,1200614400,1015_1_19_M01_S2,ATAGAGGCCATT,GTGTGCCAGCMGCCGCGGTAA,swab,n,CCME,Knight_Bangladesh_travel_series,stool,33.0,V4,184.8,human gut metagenome,0,UBERON:feces,M01,CCME,9606,408170,UBERON:feces,1624.1,2/25/13,1/19/12,0.0,Bangladesh_FO_16s_NoIndex_sequences,ENVO:human-associated habitat,male,illumina,"Boulder, CO",GAZ:United States of America,170.0,Knight_Bangladesh_travel_series,M01,2.0,".1,g",years,UBERON:feces,1015,Illumina HiSeq V4,time series for 4 travellers who went to Bangladesh on the same trip,-105.27,human,right,Mexico,ENVO:feces,16S rRNA,ENVO:human-associated habitat,,UBERON:feces,,CCME,n,FWD:GTGCCAGCMGCCGCGGTAA; REV:GGACTACHVGGGTWTCTAAT,Sequencing by synthesis,1015:M01,40.01,n,CCME,M01 stool,1203465600,-33.0,0.316916076228
2,1200700800,1015_1_20_M01_S2,GGTAAGTTTGAC,GTGTGCCAGCMGCCGCGGTAA,swab,n,CCME,Knight_Bangladesh_travel_series,stool,33.0,V4,184.8,human gut metagenome,0,UBERON:feces,M01,CCME,9606,408170,UBERON:feces,1624.1,2/25/13,1/20/12,0.0,Bangladesh_FO_16s_NoIndex_sequences,ENVO:human-associated habitat,male,illumina,"Boulder, CO",GAZ:United States of America,170.0,Knight_Bangladesh_travel_series,M01,2.0,".1,g",years,UBERON:feces,1015,Illumina HiSeq V4,time series for 4 travellers who went to Bangladesh on the same trip,-105.27,human,right,Mexico,ENVO:feces,16S rRNA,ENVO:human-associated habitat,,UBERON:feces,,CCME,n,FWD:GTGCCAGCMGCCGCGGTAA; REV:GGACTACHVGGGTWTCTAAT,Sequencing by synthesis,1015:M01,40.01,n,CCME,M01 stool,1203465600,-32.0,0.203704730789
3,1200787200,1015_1_21_M01_S1,CAGTCTAGTACG,GTGTGCCAGCMGCCGCGGTAA,swab,n,CCME,Knight_Bangladesh_travel_series,stool,33.0,V4,184.8,human gut metagenome,0,UBERON:feces,M01,CCME,9606,408170,UBERON:feces,1624.1,2/25/13,1/21/12,0.0,Bangladesh_FO_16s_NoIndex_sequences,ENVO:human-associated habitat,male,illumina,"Boulder, CO",GAZ:United States of America,170.0,Knight_Bangladesh_travel_series,M01,1.0,".1,g",years,UBERON:feces,1015,Illumina HiSeq V4,time series for 4 travellers who went to Bangladesh on the same trip,-105.27,human,right,Mexico,ENVO:feces,16S rRNA,ENVO:human-associated habitat,,UBERON:feces,,CCME,n,FWD:GTGCCAGCMGCCGCGGTAA; REV:GGACTACHVGGGTWTCTAAT,Sequencing by synthesis,1015:M01,40.01,n,CCME,M01 stool,1203465600,-31.0,0.179184290348
4,1200873600,1015_1_22_M01_S,AAGCTTGAAACC,GTGTGCCAGCMGCCGCGGTAA,swab,n,CCME,Knight_Bangladesh_travel_series,stool,33.0,V4,184.8,human gut metagenome,0,UBERON:feces,M01,CCME,9606,408170,UBERON:feces,1624.1,2/25/13,1/22/12,0.0,Bangladesh_FO_16s_NoIndex_sequences,ENVO:human-associated habitat,male,illumina,"Boulder, CO",GAZ:United States of America,170.0,Knight_Bangladesh_travel_series,M01,1.0,".1,g",years,UBERON:feces,1015,Illumina HiSeq V4,time series for 4 travellers who went to Bangladesh on the same trip,-105.27,human,right,Mexico,ENVO:feces,16S rRNA,ENVO:human-associated habitat,,UBERON:feces,,CCME,n,FWD:GTGCCAGCMGCCGCGGTAA; REV:GGACTACHVGGGTWTCTAAT,Sequencing by synthesis,1015:M01,40.01,n,CCME,M01 stool,1203465600,-30.0,0.103661107499
5,1200960000,1015_1_23_M01_S2,CTACCACGGTAC,GTGTGCCAGCMGCCGCGGTAA,swab,n,CCME,Knight_Bangladesh_travel_series,stool,33.0,V4,184.8,human gut metagenome,0,UBERON:feces,M01,CCME,9606,408170,UBERON:feces,1624.1,2/25/13,1/23/12,0.0,Bangladesh_FO_16s_NoIndex_sequences,ENVO:human-associated habitat,male,illumina,"Boulder, CO",GAZ:United States of America,170.0,Knight_Bangladesh_travel_series,M01,2.0,".1,g",years,UBERON:feces,1015,Illumina HiSeq V4,time series for 4 travellers who went to Bangladesh on the same trip,-105.27,human,right,Mexico,ENVO:feces,16S rRNA,ENVO:human-associated habitat,,UBERON:feces,,CCME,n,FWD:GTGCCAGCMGCCGCGGTAA; REV:GGACTACHVGGGTWTCTAAT,Sequencing by synthesis,1015:M01,40.01,n,CCME,M01 stool,1203465600,-29.0,0.10742673266
6,1201046400,1015_1_24_M01_S2,GTGTCCGGATTC,GTGTGCCAGCMGCCGCGGTAA,swab,n,CCME,Knight_Bangladesh_travel_series,stool,33.0,V4,184.8,human gut metagenome,0,UBERON:feces,M01,CCME,9606,408170,UBERON:feces,1624.1,2/25/13,1/24/12,0.0,Bangladesh_FO_16s_NoIndex_sequences,ENVO:human-associated habitat,male,illumina,"Boulder, CO",GAZ:United States of America,170.0,Knight_Bangladesh_travel_series,M01,2.0,".1,g",years,UBERON:feces,1015,Illumina HiSeq V4,time series for 4 travellers who went to Bangladesh on the same trip,-105.27,human,right,Mexico,ENVO:feces,16S rRNA,ENVO:human-associated habitat,,UBERON:feces,,CCME,n,FWD:GTGCCAGCMGCCGCGGTAA; REV:GGACTACHVGGGTWTCTAAT,Sequencing by synthesis,1015:M01,40.01,n,CCME,M01 stool,1203465600,-28.0,0.077114861625
7,1201132800,1015_1_25_M01_S2,TGCTCCGTAGAA,GTGTGCCAGCMGCCGCGGTAA,swab,n,CCME,Knight_Bangladesh_travel_series,stool,33.0,V4,184.8,human gut metagenome,0,UBERON:feces,M01,CCME,9606,408170,UBERON:feces,1624.1,2/25/13,1/25/12,0.0,Bangladesh_FO_16s_NoIndex_sequences,ENVO:human-associated habitat,male,illumina,"Boulder, CO",GAZ:United States of America,170.0,Knight_Bangladesh_travel_series,M01,2.0,".1,g",years,UBERON:feces,1015,Illumina HiSeq V4,time series for 4 travellers who went to Bangladesh on the same trip,-105.27,human,right,Mexico,ENVO:feces,16S rRNA,ENVO:human-associated habitat,,UBERON:feces,,CCME,n,FWD:GTGCCAGCMGCCGCGGTAA; REV:GGACTACHVGGGTWTCTAAT,Sequencing by synthesis,1015:M01,40.01,n,CCME,M01 stool,1203465600,-27.0,0.131555573394
8,1201219200,1015_1_26_M01_S1,TAAGCGTCTCGA,GTGTGCCAGCMGCCGCGGTAA,swab,n,CCME,Knight_Bangladesh_travel_series,stool,33.0,V4,184.8,human gut metagenome,0,UBERON:feces,M01,CCME,9606,408170,UBERON:feces,1624.1,2/25/13,1/26/12,0.0,Bangladesh_FO_16s_NoIndex_sequences,ENVO:human-associated habitat,male,illumina,"Boulder, CO",GAZ:United States of America,170.0,Knight_Bangladesh_travel_series,M01,1.0,".1,g",years,UBERON:feces,1015,Illumina HiSeq V4,time series for 4 travellers who went to Bangladesh on the same trip,-105.27,human,right,Mexico,ENVO:feces,16S rRNA,ENVO:human-associated habitat,,UBERON:feces,,CCME,n,FWD:GTGCCAGCMGCCGCGGTAA; REV:GGACTACHVGGGTWTCTAAT,Sequencing by synthesis,1015:M01,40.01,n,CCME,M01 stool,1203465600,-26.0,0.131159672895
9,1201305600,1015_1_27_M01_S1,CGGTCTGTCTGA,GTGTGCCAGCMGCCGCGGTAA,swab,n,CCME,Knight_Bangladesh_travel_series,stool,33.0,V4,184.8,human gut metagenome,0,UBERON:feces,M01,CCME,9606,408170,UBERON:feces,1624.1,2/25/13,1/27/12,0.0,Bangladesh_FO_16s_NoIndex_sequences,ENVO:human-associated habitat,male,illumina,"Boulder, CO",GAZ:United States of America,170.0,Knight_Bangladesh_travel_series,M01,1.0,".1,g",years,UBERON:feces,1015,Illumina HiSeq V4,time series for 4 travellers who went to Bangladesh on the same trip,-105.27,human,right,Mexico,ENVO:feces,16S rRNA,ENVO:human-associated habitat,,UBERON:feces,,CCME,n,FWD:GTGCCAGCMGCCGCGGTAA; REV:GGACTACHVGGGTWTCTAAT,Sequencing by synthesis,1015:M01,40.01,n,CCME,M01 stool,1203465600,-25.0,0.133427861768
10,1201392000,1015_1_28_M01_S1,ACACCTGCGATC,GTGTGCCAGCMGCCGCGGTAA,swab,n,CCME,Knight_Bangladesh_travel_series,stool,33.0,V4,184.8,human gut metagenome,0,UBERON:feces,M01,CCME,9606,408170,UBERON:feces,1624.1,2/25/13,1/28/12,0.0,Bangladesh_FO_16s_NoIndex_sequences,ENVO:human-associated habitat,male,illumina,"Boulder, CO",GAZ:United States of America,170.0,Knight_Bangladesh_travel_series,M01,1.0,".1,g",years,UBERON:feces,1015,Illumina HiSeq V4,time series for 4 travellers who went to Bangladesh on the same trip,-105.27,human,right,Mexico,ENVO:feces,16S rRNA,ENVO:human-associated habitat,,UBERON:feces,,CCME,n,FWD:GTGCCAGCMGCCGCGGTAA; REV:GGACTACHVGGGTWTCTAAT,Sequencing by synthesis,1015:M01,40.01,n,CCME,M01 stool,1203465600,-24.0,0.0823666275491
11,1201478400,1015_1_29_M01_S,ATACGCATCAAG,GTGTGCCAGCMGCCGCGGTAA,swab,n,CCME,Knight_Bangladesh_travel_series,stool,33.0,V4,184.8,human gut metagenome,0,UBERON:feces,M01,CCME,9606,408170,UBERON:feces,1624.1,2/25/13,1/29/12,0.0,Bangladesh_FO_16s_NoIndex_sequences,ENVO:human-associated habitat,male,illumina,"Boulder, CO",GAZ:United States of America,170.0,Knight_Bangladesh_travel_series,M01,1.0,".1,g",years,UBERON:feces,1015,Illumina HiSeq V4,time series for 4 travellers who went to Bangladesh on the same trip,-105.27,human,right,Mexico,ENVO:feces,16S rRNA,ENVO:human-associated habitat,,UBERON:feces,,CCME,n,FWD:GTGCCAGCMGCCGCGGTAA; REV:GGACTACHVGGGTWTCTAAT,Sequencing by synthesis,1015:M01,40.01,n,CCME,M01 stool,1203465600,-23.0,0.0784090919161
12,1201564800,1015_1_30_M01_S1,TGATAGGTACAC,GTGTGCCAGCMGCCGCGGTAA,swab,n,CCME,Knight_Bangladesh_travel_series,stool,33.0,V4,184.8,human gut metagenome,0,UBERON:feces,M01,CCME,9606,408170,UBERON:feces,1624.1,2/25/13,1/30/12,0.0,Bangladesh_FO_16s_NoIndex_sequences,ENVO:human-associated habitat,male,illumina,"Boulder, CO",GAZ:United States of America,170.0,Knight_Bangladesh_travel_series,M01,1.0,".1,g",years,UBERON:feces,1015,Illumina HiSeq V4,time series for 4 travellers who went to Bangladesh on the same trip,-105.27,human,right,Mexico,ENVO:feces,16S rRNA,ENVO:human-associated habitat,,UBERON:feces,,CCME,n,FWD:GTGCCAGCMGCCGCGGTAA; REV:GGACTACHVGGGTWTCTAAT,Sequencing by synthesis,1015:M01,40.01,n,CCME,M01 stool,1203465600,-22.0,0.0881729529448
13,1201651200,1015_1_31_M01_S,GGCGTTGCATTC,GTGTGCCAGCMGCCGCGGTAA,swab,n,CCME,Knight_Bangladesh_travel_series,stool,33.0,V4,184.8,human gut metagenome,0,UBERON:feces,M01,CCME,9606,408170,UBERON:feces,1624.1,2/25/13,1/31/12,0.0,Bangladesh_FO_16s_NoIndex_sequences,ENVO:human-associated habitat,male,illumina,"Boulder, CO",GAZ:United States of America,170.0,Knight_Bangladesh_travel_series,M01,1.0,".1,g",years,UBERON:feces,1015,Illumina HiSeq V4,time series for 4 travellers who went to Bangladesh on the same trip,-105.27,human,right,Mexico,ENVO:feces,16S rRNA,ENVO:human-associated habitat,,UBERON:feces,,CCME,n,FWD:GTGCCAGCMGCCGCGGTAA; REV:GGACTACHVGGGTWTCTAAT,Sequencing by synthesis,1015:M01,40.01,n,CCME,M01 stool,1203465600,-21.0,0.328025588377
14,1201737600,1015_2_01_M01_S1,CTTTCGTTCAAC,GTGTGCCAGCMGCCGCGGTAA,swab,n,CCME,Knight_Bangladesh_travel_series,stool,33.0,V4,184.8,human gut metagenome,0,UBERON:feces,M01,CCME,9606,408170,UBERON:feces,1624.1,2/25/13,2/1/12,0.0,Bangladesh_FO_16s_NoIndex_sequences,ENVO:human-associated habitat,male,illumina,"Boulder, CO",GAZ:United States of America,170.0,Knight_Bangladesh_travel_series,M01,1.0,".1,g",years,UBERON:feces,1015,Illumina HiSeq V4,time series for 4 travellers who went to Bangladesh on the same trip,-105.27,human,right,Mexico,ENVO:feces,16S rRNA,ENVO:human-associated habitat,,UBERON:feces,,CCME,n,FWD:GTGCCAGCMGCCGCGGTAA; REV:GGACTACHVGGGTWTCTAAT,Sequencing by synthesis,1015:M01,40.01,n,CCME,M01 stool,1203465600,-20.0,0.146776283129
15,1201824000,1015_2_02_M01_S,CGAGTTCATCGA,GTGTGCCAGCMGCCGCGGTAA,swab,n,CCME,Knight_Bangladesh_travel_series,stool,33.0,V4,184.8,human gut metagenome,0,UBERON:feces,M01,CCME,9606,408170,UBERON:feces,1624.1,2/25/13,2/2/12,0.0,Bangladesh_FO_16s_NoIndex_sequences,ENVO:human-associated habitat,male,illumina,"Boulder, CO",GAZ:United States of America,170.0,Knight_Bangladesh_travel_series,M01,1.0,".1,g",years,UBERON:feces,1015,Illumina HiSeq V4,time series for 4 travellers who went to Bangladesh on the same trip,-105.27,human,right,Mexico,ENVO:feces,16S rRNA,ENVO:human-associated habitat,,UBERON:feces,,CCME,n,FWD:GTGCCAGCMGCCGCGGTAA; REV:GGACTACHVGGGTWTCTAAT,Sequencing by synthesis,1015:M01,40.01,n,CCME,M01 stool,1203465600,-19.0,0.0699446417991
16,1201910400,1015_2_03_M01_S3,TTGCCTGGGTCA,GTGTGCCAGCMGCCGCGGTAA,swab,n,CCME,Knight_Bangladesh_travel_series,stool,33.0,V4,184.8,human gut metagenome,0,UBERON:feces,M01,CCME,9606,408170,UBERON:feces,1624.1,2/25/13,2/3/12,0.0,Bangladesh_FO_16s_NoIndex_sequences,ENVO:human-associated habitat,male,illumina,"Boulder, CO",GAZ:United States of America,170.0,Knight_Bangladesh_travel_series,M01,3.0,".1,g",years,UBERON:feces,1015,Illumina HiSeq V4,time series for 4 travellers who went to Bangladesh on the same trip,-105.27,human,right,Mexico,ENVO:feces,16S rRNA,ENVO:human-associated habitat,,UBERON:feces,,CCME,n,FWD:GTGCCAGCMGCCGCGGTAA; REV:GGACTACHVGGGTWTCTAAT,Sequencing by synthesis,1015:M01,40.01,n,CCME,M01 stool,1203465600,-18.0,0.110737192341
17,1201996800,1015_2_04_M01_S,ACTAGCGTTCAG,GTGTGCCAGCMGCCGCGGTAA,swab,n,CCME,Knight_Bangladesh_travel_series,stool,33.0,V4,184.8,human gut metagenome,0,UBERON:feces,M01,CCME,9606,408170,UBERON:feces,1624.1,2/25/13,2/4/12,0.0,Bangladesh_FO_16s_NoIndex_sequences,ENVO:human-associated habitat,male,illumina,"Boulder, CO",GAZ:United States of America,170.0,Knight_Bangladesh_travel_series,M01,1.0,".1,g",years,UBERON:feces,1015,Illumina HiSeq V4,time series for 4 travellers who went to Bangladesh on the same trip,-105.27,human,right,Mexico,ENVO:feces,16S rRNA,ENVO:human-associated habitat,,UBERON:feces,,CCME,n,FWD:GTGCCAGCMGCCGCGGTAA; REV:GGACTACHVGGGTWTCTAAT,Sequencing by synthesis,1015:M01,40.01,n,CCME,M01 stool,1203465600,-17.0,0.103088779757
18,1202083200,1015_2_05_M01_S,CCGAAGATTCTG,GTGTGCCAGCMGCCGCGGTAA,swab,n,CCME,Knight_Bangladesh_travel_series,stool,33.0,V4,178.2,human gut metagenome,0,UBERON:feces,M01,CCME,9606,408170,UBERON:feces,22.0,2/25/13,2/5/12,0.0,Bangladesh_FO_16s_NoIndex_sequences,ENVO:human-associated habitat,male,illumina,"Dhaka, Bangladesh",GAZ:Bangladesh,170.0,Knight_Bangladesh_travel_series,M01,1.0,".1,g",years,UBERON:feces,1015,Illumina HiSeq V4,time series for 4 travellers who went to Bangladesh on the same trip,90.41,human,right,Mexico,ENVO:feces,16S rRNA,ENVO:human-associated habitat,,UBERON:feces,,CCME,n,FWD:GTGCCAGCMGCCGCGGTAA; REV:GGACTACHVGGGTWTCTAAT,Sequencing by synthesis,1015:M01,23.71,n,CCME,M01 stool,1203465600,-16.0,0.0399594369961
19,1202169600,1015_2_06_M01_S1,GCACCTGTTGAA,GTGTGCCAGCMGCCGCGGTAA,swab,n,CCME,Knight_Bangladesh_travel_series,stool,33.0,V4,178.2,human gut metagenome,0,UBERON:feces,M01,CCME,9606,408170,UBERON:feces,22.0,2/25/13,2/6/12,0.0,Bangladesh_FO_16s_NoIndex_sequences,ENVO:human-associated habitat,male,illumina,"Dhaka, Bangladesh",GAZ:Bangladesh,170.0,Knight_Bangladesh_travel_series,M01,1.0,".1,g",years,UBERON:feces,1015,Illumina HiSeq V4,time series for 4 travellers who went to Bangladesh on the same trip,90.41,human,right,Mexico,ENVO:feces,16S rRNA,ENVO:human-associated habitat,,UBERON:feces,,CCME,n,FWD:GTGCCAGCMGCCGCGGTAA; REV:GGACTACHVGGGTWTCTAAT,Sequencing by synthesis,1015:M01,23.71,n,CCME,M01 stool,1203465600,-15.0,0.0393235250964
20,1202256000,1015_2_07_M01_S1,AGTCATCGAATG,GTGTGCCAGCMGCCGCGGTAA,swab,n,CCME,Knight_Bangladesh_travel_series,stool,33.0,V4,178.2,human gut metagenome,0,UBERON:feces,M01,CCME,9606,408170,UBERON:feces,22.0,2/25/13,2/7/12,0.0,Bangladesh_FO_16s_NoIndex_sequences,ENVO:human-associated habitat,male,illumina,"Dhaka, Bangladesh",GAZ:Bangladesh,170.0,Knight_Bangladesh_travel_series,M01,1.0,".1,g",years,UBERON:feces,1015,Illumina HiSeq V4,time series for 4 travellers who went to Bangladesh on the same trip,90.41,human,right,Mexico,ENVO:feces,16S rRNA,ENVO:human-associated habitat,,UBERON:feces,,CCME,n,FWD:GTGCCAGCMGCCGCGGTAA; REV:GGACTACHVGGGTWTCTAAT,Sequencing by synthesis,1015:M01,23.71,n,CCME,M01 stool,1203465600,-14.0,0.106113426744
21,1202342400,1015_2_08_M01_S1,TTGCGACAAAGT,GTGTGCCAGCMGCCGCGGTAA,swab,n,CCME,Knight_Bangladesh_travel_series,stool,33.0,V4,178.2,human gut metagenome,0,UBERON:feces,M01,CCME,9606,408170,UBERON:feces,22.0,2/25/13,2/8/12,0.0,Bangladesh_FO_16s_NoIndex_sequences,ENVO:human-associated habitat,male,illumina,"Dhaka, Bangladesh",GAZ:Bangladesh,170.0,Knight_Bangladesh_travel_series,M01,,".1,g",years,UBERON:feces,1015,Illumina HiSeq V4,time series for 4 travellers who went to Bangladesh on the same trip,90.41,human,right,Mexico,ENVO:feces,16S rRNA,ENVO:human-associated habitat,,UBERON:feces,,CCME,n,FWD:GTGCCAGCMGCCGCGGTAA; REV:GGACTACHVGGGTWTCTAAT,Sequencing by synthesis,1015:M01,23.71,n,CCME,M01 stool,1203465600,-13.0,0.142316804628
22,1202428800,1015_2_09_M01_S2,TAGAGGCGTAGG,GTGTGCCAGCMGCCGCGGTAA,swab,n,CCME,Knight_Bangladesh_travel_series,stool,33.0,V4,178.2,human gut metagenome,0,UBERON:feces,M01,CCME,9606,408170,UBERON:feces,22.0,2/25/13,2/9/12,0.0,Bangladesh_FO_16s_NoIndex_sequences,ENVO:human-associated habitat,male,illumina,"Dhaka, Bangladesh",GAZ:Bangladesh,170.0,Knight_Bangladesh_travel_series,M01,2.0,".1,g",years,UBERON:feces,1015,Illumina HiSeq V4,time series for 4 travellers who went to Bangladesh on the same trip,90.41,human,right,Mexico,ENVO:feces,16S rRNA,ENVO:human-associated habitat,,UBERON:feces,,CCME,n,FWD:GTGCCAGCMGCCGCGGTAA; REV:GGACTACHVGGGTWTCTAAT,Sequencing by synthesis,1015:M01,23.71,n,CCME,M01 stool,1203465600,-12.0,0.0979776868686
23,1202515200,1015_2_10_M01_S1,AACCATGCCAAC,GTGTGCCAGCMGCCGCGGTAA,swab,n,CCME,Knight_Bangladesh_travel_series,stool,33.0,V4,178.2,human gut metagenome,0,UBERON:feces,M01,CCME,9606,408170,UBERON:feces,22.0,2/25/13,2/10/12,0.0,Bangladesh_FO_16s_NoIndex_sequences,ENVO:human-associated habitat,male,illumina,"Dhaka, Bangladesh",GAZ:Bangladesh,170.0,Knight_Bangladesh_travel_series,M01,1.0,".1,g",years,UBERON:feces,1015,Illumina HiSeq V4,time series for 4 travellers who went to Bangladesh on the same trip,90.41,human,right,Mexico,ENVO:feces,16S rRNA,ENVO:human-associated habitat,,UBERON:feces,,CCME,n,FWD:GTGCCAGCMGCCGCGGTAA; REV:GGACTACHVGGGTWTCTAAT,Sequencing by synthesis,1015:M01,23.71,n,CCME,M01 stool,1203465600,-11.0,0.051868207313
24,1202601600,1015_2_11_M01_S2,TGCGAGTATATG,GTGTGCCAGCMGCCGCGGTAA,swab,n,CCME,Knight_Bangladesh_travel_series,stool,33.0,V4,178.2,human gut metagenome,0,UBERON:feces,M01,CCME,9606,408170,UBERON:feces,22.0,2/25/13,2/11/12,0.0,Bangladesh_FO_16s_NoIndex_sequences,ENVO:human-associated habitat,male,illumina,"Dhaka, Bangladesh",GAZ:Bangladesh,170.0,Knight_Bangladesh_travel_series,M01,2.0,".1,g",years,UBERON:feces,1015,Illumina HiSeq V4,time series for 4 travellers who went to Bangladesh on the same trip,90.41,human,right,Mexico,ENVO:feces,16S rRNA,ENVO:human-associated habitat,,UBERON:feces,,CCME,n,FWD:GTGCCAGCMGCCGCGGTAA; REV:GGACTACHVGGGTWTCTAAT,Sequencing by synthesis,1015:M01,23.71,n,CCME,M01 stool,1203465600,-10.0,0.0620110848159
25,1202688000,1015_2_12_M01_S1,GAAGTAGCGAGC,GTGTGCCAGCMGCCGCGGTAA,swab,n,CCME,Knight_Bangladesh_travel_series,stool,33.0,V4,178.2,human gut metagenome,0,UBERON:feces,M01,CCME,9606,408170,UBERON:feces,22.0,2/25/13,2/12/12,0.0,Bangladesh_FO_16s_NoIndex_sequences,ENVO:human-associated habitat,male,illumina,"Dhaka, Bangladesh",GAZ:Bangladesh,170.0,Knight_Bangladesh_travel_series,M01,1.0,".1,g",years,UBERON:feces,1015,Illumina HiSeq V4,time series for 4 travellers who went to Bangladesh on the same trip,90.41,human,right,Mexico,ENVO:feces,16S rRNA,ENVO:human-associated habitat,,UBERON:feces,,CCME,n,FWD:GTGCCAGCMGCCGCGGTAA; REV:GGACTACHVGGGTWTCTAAT,Sequencing by synthesis,1015:M01,23.71,n,CCME,M01 stool,1203465600,-9.0,0.0623403243905
26,1202774400,1015_2_13_M01_S3,AGCACCGGTCTT,GTGTGCCAGCMGCCGCGGTAA,swab,n,CCME,Knight_Bangladesh_travel_series,stool,33.0,V4,178.2,human gut metagenome,0,UBERON:feces,M01,CCME,9606,408170,UBERON:feces,22.0,2/25/13,2/13/12,0.0,Bangladesh_FO_16s_NoIndex_sequences,ENVO:human-associated habitat,male,illumina,"Dhaka, Bangladesh",GAZ:Bangladesh,170.0,Knight_Bangladesh_travel_series,M01,2.0,".1,g",years,UBERON:feces,1015,Illumina HiSeq V4,time series for 4 travellers who went to Bangladesh on the same trip,90.41,human,right,Mexico,ENVO:feces,16S rRNA,ENVO:human-associated habitat,,UBERON:feces,,CCME,n,FWD:GTGCCAGCMGCCGCGGTAA; REV:GGACTACHVGGGTWTCTAAT,Sequencing by synthesis,1015:M01,23.71,n,CCME,M01 stool,1203465600,-8.0,0.0756427846175
27,1202860800,1015_2_14_M01_S,TATGGAGCTAGT,GTGTGCCAGCMGCCGCGGTAA,swab,n,CCME,Knight_Bangladesh_travel_series,stool,33.0,V4,178.2,human gut metagenome,0,UBERON:feces,M01,CCME,9606,408170,UBERON:feces,22.0,2/25/13,2/14/12,0.0,Bangladesh_FO_16s_NoIndex_sequences,ENVO:human-associated habitat,male,illumina,"Dhaka, Bangladesh",GAZ:Bangladesh,170.0,Knight_Bangladesh_travel_series,M01,1.0,".1,g",years,UBERON:feces,1015,Illumina HiSeq V4,time series for 4 travellers who went to Bangladesh on the same trip,90.41,human,right,Mexico,ENVO:feces,16S rRNA,ENVO:human-associated habitat,,UBERON:feces,,CCME,n,FWD:GTGCCAGCMGCCGCGGTAA; REV:GGACTACHVGGGTWTCTAAT,Sequencing by synthesis,1015:M01,23.71,n,CCME,M01 stool,1203465600,-7.0,0.0515451680877
28,1202947200,1015_2_15_M01_S1,GTAGGAACCGGA,GTGTGCCAGCMGCCGCGGTAA,swab,n,CCME,Knight_Bangladesh_travel_series,stool,33.0,V4,178.2,human gut metagenome,0,UBERON:feces,M01,CCME,9606,408170,UBERON:feces,22.0,2/25/13,2/15/12,0.0,Bangladesh_FO_16s_NoIndex_sequences,ENVO:human-associated habitat,male,illumina,"Dhaka, Bangladesh",GAZ:Bangladesh,170.0,Knight_Bangladesh_travel_series,M01,1.0,".1,g",years,UBERON:feces,1015,Illumina HiSeq V4,time series for 4 travellers who went to Bangladesh on the same trip,90.41,human,right,Mexico,ENVO:feces,16S rRNA,ENVO:human-associated habitat,,UBERON:feces,,CCME,n,FWD:GTGCCAGCMGCCGCGGTAA; REV:GGACTACHVGGGTWTCTAAT,Sequencing by synthesis,1015:M01,23.71,n,CCME,M01 stool,1203465600,-6.0,0.0752074653479
29,1203033600,1015_2_16_M01_S1,TAGACCGACTCC,GTGTGCCAGCMGCCGCGGTAA,swab,n,CCME,Knight_Bangladesh_travel_series,stool,33.0,V4,178.2,human gut metagenome,0,UBERON:feces,M01,CCME,9606,408170,UBERON:feces,22.0,2/25/13,2/16/12,0.0,Bangladesh_FO_16s_NoIndex_sequences,ENVO:human-associated habitat,male,illumina,"Dhaka, Bangladesh",GAZ:Bangladesh,170.0,Knight_Bangladesh_travel_series,M01,1.0,".1,g",years,UBERON:feces,1015,Illumina HiSeq V4,time series for 4 travellers who went to Bangladesh on the same trip,90.41,human,right,Mexico,ENVO:feces,16S rRNA,ENVO:human-associated habitat,,UBERON:feces,,CCME,n,FWD:GTGCCAGCMGCCGCGGTAA; REV:GGACTACHVGGGTWTCTAAT,Sequencing by synthesis,1015:M01,23.71,n,CCME,M01 stool,1203465600,-5.0,0.0370388098882
30,1203120000,1015_2_17_M01_S2,GCGGAAACATGG,GTGTGCCAGCMGCCGCGGTAA,swab,n,CCME,Knight_Bangladesh_travel_series,stool,33.0,V4,178.2,human gut metagenome,0,UBERON:feces,M01,CCME,9606,408170,UBERON:feces,22.0,2/25/13,2/17/12,0.0,Bangladesh_FO_16s_NoIndex_sequences,ENVO:human-associated habitat,male,illumina,"Dhaka, Bangladesh",GAZ:Bangladesh,170.0,Knight_Bangladesh_travel_series,M01,2.0,".1,g",years,UBERON:feces,1015,Illumina HiSeq V4,time series for 4 travellers who went to Bangladesh on the same trip,90.41,human,right,Mexico,ENVO:feces,16S rRNA,ENVO:human-associated habitat,,UBERON:feces,,CCME,n,FWD:GTGCCAGCMGCCGCGGTAA; REV:GGACTACHVGGGTWTCTAAT,Sequencing by synthesis,1015:M01,23.71,n,CCME,M01 stool,1203465600,-4.0,0.0454257342332
31,1203206400,1015_2_18_M01_S2,GTCAACGCTGTC,GTGTGCCAGCMGCCGCGGTAA,swab,n,CCME,Knight_Bangladesh_travel_series,stool,33.0,V4,178.2,human gut metagenome,0,UBERON:feces,M01,CCME,9606,408170,UBERON:feces,22.0,2/25/13,2/18/12,0.0,Bangladesh_FO_16s_NoIndex_sequences,ENVO:human-associated habitat,male,illumina,"Dhaka, Bangladesh",GAZ:Bangladesh,170.0,Knight_Bangladesh_travel_series,M01,2.0,".1,g",years,UBERON:feces,1015,Illumina HiSeq V4,time series for 4 travellers who went to Bangladesh on the same trip,90.41,human,right,Mexico,ENVO:feces,16S rRNA,ENVO:human-associated habitat,,UBERON:feces,,CCME,n,FWD:GTGCCAGCMGCCGCGGTAA; REV:GGACTACHVGGGTWTCTAAT,Sequencing by synthesis,1015:M01,23.71,n,CCME,M01 stool,1203465600,-3.0,0.103097634316
32,1203292800,1015_2_19_M01_S1,GCAAGCTGTCTC,GTGTGCCAGCMGCCGCGGTAA,swab,n,CCME,Knight_Bangladesh_travel_series,stool,33.0,V4,178.2,human gut metagenome,0,UBERON:feces,M01,CCME,9606,408170,UBERON:feces,22.0,2/25/13,2/19/12,0.0,Bangladesh_FO_16s_NoIndex_sequences,ENVO:human-associated habitat,male,illumina,"Dhaka, Bangladesh",GAZ:Bangladesh,170.0,Knight_Bangladesh_travel_series,M01,1.0,".1,g",years,UBERON:feces,1015,Illumina HiSeq V4,time series for 4 travellers who went to Bangladesh on the same trip,90.41,human,right,Mexico,ENVO:feces,16S rRNA,ENVO:human-associated habitat,,UBERON:feces,,CCME,n,FWD:GTGCCAGCMGCCGCGGTAA; REV:GGACTACHVGGGTWTCTAAT,Sequencing by synthesis,1015:M01,23.71,n,CCME,M01 stool,1203465600,-2.0,0.101760271094
33,1203379200,1015_2_20_M01_S4,AACGTTAGTGTG,GTGTGCCAGCMGCCGCGGTAA,swab,n,CCME,Knight_Bangladesh_travel_series,stool,33.0,V4,178.2,human gut metagenome,0,UBERON:feces,M01,CCME,9606,408170,UBERON:feces,22.0,2/25/13,2/20/12,0.0,Bangladesh_FO_16s_NoIndex_sequences,ENVO:human-associated habitat,male,illumina,"Dhaka, Bangladesh",GAZ:Bangladesh,170.0,Knight_Bangladesh_travel_series,M01,4.0,".1,g",years,UBERON:feces,1015,Illumina HiSeq V4,time series for 4 travellers who went to Bangladesh on the same trip,90.41,human,right,Mexico,ENVO:feces,16S rRNA,ENVO:human-associated habitat,,UBERON:feces,,CCME,n,FWD:GTGCCAGCMGCCGCGGTAA; REV:GGACTACHVGGGTWTCTAAT,Sequencing by synthesis,1015:M01,23.71,n,CCME,M01 stool,1203465600,-1.0,0.193628753056
34,1203465600,1015_2_21_M01_S6,TGCATGACAGTC,GTGTGCCAGCMGCCGCGGTAA,swab,n,CCME,Knight_Bangladesh_travel_series,stool,33.0,V4,184.8,human gut metagenome,0,UBERON:feces,M01,CCME,9606,408170,UBERON:feces,1624.1,2/25/13,2/21/12,0.0,Bangladesh_FO_16s_NoIndex_sequences,ENVO:human-associated habitat,male,illumina,"Boulder, CO",GAZ:United States of America,170.0,Knight_Bangladesh_travel_series,M01,6.0,".1,g",years,UBERON:feces,1015,Illumina HiSeq V4,time series for 4 travellers who went to Bangladesh on the same trip,-105.27,human,right,Mexico,ENVO:feces,16S rRNA,ENVO:human-associated habitat,,UBERON:feces,,CCME,n,FWD:GTGCCAGCMGCCGCGGTAA; REV:GGACTACHVGGGTWTCTAAT,Sequencing by synthesis,1015:M01,40.01,n,CCME,M01 stool,1203465600,0.0,0.0454604719762
35,1203552000,1015_2_22_M01_S2,GAGTCCGTTGCT,GTGTGCCAGCMGCCGCGGTAA,swab,n,CCME,Knight_Bangladesh_travel_series,stool,33.0,V4,184.8,human gut metagenome,0,UBERON:feces,M01,CCME,9606,408170,UBERON:feces,1624.1,2/25/13,2/22/12,0.0,Bangladesh_FO_16s_NoIndex_sequences,ENVO:human-associated habitat,male,illumina,"Boulder, CO",GAZ:United States of America,170.0,Knight_Bangladesh_travel_series,M01,2.0,".1,g",years,UBERON:feces,1015,Illumina HiSeq V4,time series for 4 travellers who went to Bangladesh on the same trip,-105.27,human,right,Mexico,ENVO:feces,16S rRNA,ENVO:human-associated habitat,,UBERON:feces,,CCME,n,FWD:GTGCCAGCMGCCGCGGTAA; REV:GGACTACHVGGGTWTCTAAT,Sequencing by synthesis,1015:M01,40.01,n,CCME,M01 stool,1203465600,1.0,0.102176975529
36,1203638400,1015_2_23_M01_S1,TGTAGTATAGGC,GTGTGCCAGCMGCCGCGGTAA,swab,n,CCME,Knight_Bangladesh_travel_series,stool,33.0,V4,184.8,human gut metagenome,0,UBERON:feces,M01,CCME,9606,408170,UBERON:feces,1624.1,2/25/13,2/23/12,0.0,Bangladesh_FO_16s_NoIndex_sequences,ENVO:human-associated habitat,male,illumina,"Boulder, CO",GAZ:United States of America,170.0,Knight_Bangladesh_travel_series,M01,1.0,".1,g",years,UBERON:feces,1015,Illumina HiSeq V4,time series for 4 travellers who went to Bangladesh on the same trip,-105.27,human,right,Mexico,ENVO:feces,16S rRNA,ENVO:human-associated habitat,,UBERON:feces,,CCME,n,FWD:GTGCCAGCMGCCGCGGTAA; REV:GGACTACHVGGGTWTCTAAT,Sequencing by synthesis,1015:M01,40.01,n,CCME,M01 stool,1203465600,2.0,0.12798024141
37,1203724800,1015_2_24_M01_S1033,GATAACTGTACG,GTGTGCCAGCMGCCGCGGTAA,swab,n,CCME,Knight_Bangladesh_travel_series,stool,33.0,V4,184.8,human gut metagenome,0,UBERON:feces,M01,CCME,9606,408170,UBERON:feces,1624.1,2/25/13,2/24/12,0.0,Bangladesh_FO_16s_NoIndex_sequences,ENVO:human-associated habitat,male,illumina,"Boulder, CO",GAZ:United States of America,170.0,Knight_Bangladesh_travel_series,M01,3.0,".1,g",years,UBERON:feces,1015,Illumina HiSeq V4,time series for 4 travellers who went to Bangladesh on the same trip,-105.27,human,right,Mexico,ENVO:feces,16S rRNA,ENVO:human-associated habitat,,UBERON:feces,,CCME,n,FWD:GTGCCAGCMGCCGCGGTAA; REV:GGACTACHVGGGTWTCTAAT,Sequencing by synthesis,1015:M01,40.01,n,CCME,M01 stool,1203465600,3.0,0.174641523114
38,1203811200,1015_2_25_M01_S1446,GACCCTAGACCT,GTGTGCCAGCMGCCGCGGTAA,swab,n,CCME,Knight_Bangladesh_travel_series,stool,33.0,V4,184.8,human gut metagenome,0,UBERON:feces,M01,CCME,9606,408170,UBERON:feces,1624.1,2/25/13,2/25/12,0.0,Bangladesh_FO_16s_NoIndex_sequences,ENVO:human-associated habitat,male,illumina,"Boulder, CO",GAZ:United States of America,170.0,Knight_Bangladesh_travel_series,M01,2.0,".1,g",years,UBERON:feces,1015,Illumina HiSeq V4,time series for 4 travellers who went to Bangladesh on the same trip,-105.27,human,right,Mexico,ENVO:feces,16S rRNA,ENVO:human-associated habitat,,UBERON:feces,,CCME,n,FWD:GTGCCAGCMGCCGCGGTAA; REV:GGACTACHVGGGTWTCTAAT,Sequencing by synthesis,1015:M01,40.01,n,CCME,M01 stool,1203465600,4.0,0.0831682325104
39,1203897600,1015_2_26_M01_S2240,GTCCCGTGAAAT,GTGTGCCAGCMGCCGCGGTAA,swab,n,CCME,Knight_Bangladesh_travel_series,stool,33.0,V4,184.8,human gut metagenome,0,UBERON:feces,M01,CCME,9606,408170,UBERON:feces,1624.1,2/25/13,2/26/12,0.0,Bangladesh_FO_16s_NoIndex_sequences,ENVO:human-associated habitat,male,illumina,"Boulder, CO",GAZ:United States of America,170.0,Knight_Bangladesh_travel_series,M01,4.0,".1,g",years,UBERON:feces,1015,Illumina HiSeq V4,time series for 4 travellers who went to Bangladesh on the same trip,-105.27,human,right,Mexico,ENVO:feces,16S rRNA,ENVO:human-associated habitat,,UBERON:feces,,CCME,n,FWD:GTGCCAGCMGCCGCGGTAA; REV:GGACTACHVGGGTWTCTAAT,Sequencing by synthesis,1015:M01,40.01,n,CCME,M01 stool,1203465600,5.0,0.0772802591121
40,1203984000,1015_2_27_M01_S700,CGCATACGACCT,GTGTGCCAGCMGCCGCGGTAA,swab,n,CCME,Knight_Bangladesh_travel_series,saliva,33.0,V4,184.8,human gut metagenome,0,UBERON:feces,M01,CCME,9606,408170,UBERON:feces,1624.1,2/25/13,2/27/12,0.0,Bangladesh_FO_16s_NoIndex_sequences,ENVO:human-associated habitat,male,illumina,"Boulder, CO",GAZ:United States of America,170.0,Knight_Bangladesh_travel_series,M01,1.0,".1,g",years,UBERON:feces,1015,Illumina HiSeq V4,time series for 4 travellers who went to Bangladesh on the same trip,-105.27,human,right,Mexico,ENVO:saliva,16S rRNA,ENVO:human-associated habitat,,UBERON:feces,,CCME,n,FWD:GTGCCAGCMGCCGCGGTAA; REV:GGACTACHVGGGTWTCTAAT,Sequencing by synthesis,1015:M01,40.01,n,CCME,M01 stool,1203465600,6.0,0.294347522794
41,1204070400,1015_2_28_M01_S1300,TCCCATTCCCAT,GTGTGCCAGCMGCCGCGGTAA,swab,n,CCME,Knight_Bangladesh_travel_series,stool,33.0,V4,184.8,human gut metagenome,0,UBERON:feces,M01,CCME,9606,408170,UBERON:feces,1624.1,2/25/13,2/28/12,0.0,Bangladesh_FO_16s_NoIndex_sequences,ENVO:human-associated habitat,male,illumina,"Boulder, CO",GAZ:United States of America,170.0,Knight_Bangladesh_travel_series,M01,1.0,".1,g",years,UBERON:feces,1015,Illumina HiSeq V4,time series for 4 travellers who went to Bangladesh on the same trip,-105.27,human,right,Mexico,ENVO:feces,16S rRNA,ENVO:human-associated habitat,,UBERON:feces,,CCME,n,FWD:GTGCCAGCMGCCGCGGTAA; REV:GGACTACHVGGGTWTCTAAT,Sequencing by synthesis,1015:M01,40.01,n,CCME,M01 stool,1203465600,7.0,0.356835998035
42,1204156800,1015_2_29_M01_S300,TAACGGCGCTCT,GTGTGCCAGCMGCCGCGGTAA,swab,n,CCME,Knight_Bangladesh_travel_series,stool,33.0,V4,184.8,human gut metagenome,0,UBERON:feces,M01,CCME,9606,408170,UBERON:feces,1624.1,2/25/13,2/29/12,0.0,Bangladesh_FO_16s_NoIndex_sequences,ENVO:human-associated habitat,male,illumina,"Boulder, CO",GAZ:United States of America,170.0,Knight_Bangladesh_travel_series,M01,1.0,".1,g",years,UBERON:feces,1015,Illumina HiSeq V4,time series for 4 travellers who went to Bangladesh on the same trip,-105.27,human,right,Mexico,ENVO:feces,16S rRNA,ENVO:human-associated habitat,,UBERON:feces,,CCME,n,FWD:GTGCCAGCMGCCGCGGTAA; REV:GGACTACHVGGGTWTCTAAT,Sequencing by synthesis,1015:M01,40.01,n,CCME,M01 stool,1203465600,8.0,0.0771052009944
43,1204243200,1015_3_01_M01_S535,TGAAAGCGGCGA,GTGTGCCAGCMGCCGCGGTAA,swab,n,CCME,Knight_Bangladesh_travel_series,stool,33.0,V4,184.8,human gut metagenome,0,UBERON:feces,M01,CCME,9606,408170,UBERON:feces,1624.1,2/25/13,3/1/12,0.0,Bangladesh_FO_16s_NoIndex_sequences,ENVO:human-associated habitat,male,illumina,"Boulder, CO",GAZ:United States of America,170.0,Knight_Bangladesh_travel_series,M01,1.0,".1,g",years,UBERON:feces,1015,Illumina HiSeq V4,time series for 4 travellers who went to Bangladesh on the same trip,-105.27,human,right,Mexico,ENVO:feces,16S rRNA,ENVO:human-associated habitat,,UBERON:feces,,CCME,n,FWD:GTGCCAGCMGCCGCGGTAA; REV:GGACTACHVGGGTWTCTAAT,Sequencing by synthesis,1015:M01,40.01,n,CCME,M01 stool,1203465600,9.0,0.404734925428
44,1204329600,1015_3_02_M01_S700,GTTCCGGATTAG,GTGTGCCAGCMGCCGCGGTAA,swab,n,CCME,Knight_Bangladesh_travel_series,stool,33.0,V4,184.8,human gut metagenome,0,UBERON:feces,M01,CCME,9606,408170,UBERON:feces,1624.1,2/25/13,3/2/12,0.0,Bangladesh_FO_16s_NoIndex_sequences,ENVO:human-associated habitat,male,illumina,"Boulder, CO",GAZ:United States of America,170.0,Knight_Bangladesh_travel_series,M01,1.0,".1,g",years,UBERON:feces,1015,Illumina HiSeq V4,time series for 4 travellers who went to Bangladesh on the same trip,-105.27,human,right,Mexico,ENVO:feces,16S rRNA,ENVO:human-associated habitat,,UBERON:feces,,CCME,n,FWD:GTGCCAGCMGCCGCGGTAA; REV:GGACTACHVGGGTWTCTAAT,Sequencing by synthesis,1015:M01,40.01,n,CCME,M01 stool,1203465600,10.0,0.139900015555
45,1204416000,1015_3_03_M01_S530,TGTGGAAACTCC,GTGTGCCAGCMGCCGCGGTAA,swab,n,CCME,Knight_Bangladesh_travel_series,stool,33.0,V4,184.8,human gut metagenome,0,UBERON:feces,M01,CCME,9606,408170,UBERON:feces,1624.1,2/25/13,3/3/12,0.0,Bangladesh_FO_16s_NoIndex_sequences,ENVO:human-associated habitat,male,illumina,"Boulder, CO",GAZ:United States of America,170.0,Knight_Bangladesh_travel_series,M01,2.0,".1,g",years,UBERON:feces,1015,Illumina HiSeq V4,time series for 4 travellers who went to Bangladesh on the same trip,-105.27,human,right,Mexico,ENVO:feces,16S rRNA,ENVO:human-associated habitat,,UBERON:feces,,CCME,n,FWD:GTGCCAGCMGCCGCGGTAA; REV:GGACTACHVGGGTWTCTAAT,Sequencing by synthesis,1015:M01,40.01,n,CCME,M01 stool,1203465600,11.0,0.111675037047
46,1204502400,1015_3_04_M01_S530,GTTTGCTCGAGA,GTGTGCCAGCMGCCGCGGTAA,swab,n,CCME,Knight_Bangladesh_travel_series,stool,33.0,V4,184.8,human gut metagenome,0,UBERON:feces,M01,CCME,9606,408170,UBERON:feces,1624.1,2/25/13,3/4/12,0.0,Bangladesh_FO_16s_NoIndex_sequences,ENVO:human-associated habitat,male,illumina,"Boulder, CO",GAZ:United States of America,170.0,Knight_Bangladesh_travel_series,M01,1.0,".1,g",years,UBERON:feces,1015,Illumina HiSeq V4,time series for 4 travellers who went to Bangladesh on the same trip,-105.27,human,right,Mexico,ENVO:feces,16S rRNA,ENVO:human-associated habitat,,UBERON:feces,,CCME,n,FWD:GTGCCAGCMGCCGCGGTAA; REV:GGACTACHVGGGTWTCTAAT,Sequencing by synthesis,1015:M01,40.01,n,CCME,M01 stool,1203465600,12.0,0.113509936256
47,1204588800,1015_3_05_M01_S730,ACACGACTATAG,GTGTGCCAGCMGCCGCGGTAA,swab,n,CCME,Knight_Bangladesh_travel_series,stool,33.0,V4,184.8,human gut metagenome,0,UBERON:feces,M01,CCME,9606,408170,UBERON:feces,1624.1,2/25/13,3/5/12,0.0,Bangladesh_FO_16s_NoIndex_sequences,ENVO:human-associated habitat,male,illumina,"Boulder, CO",GAZ:United States of America,170.0,Knight_Bangladesh_travel_series,M01,2.0,".1,g",years,UBERON:feces,1015,Illumina HiSeq V4,time series for 4 travellers who went to Bangladesh on the same trip,-105.27,human,right,Mexico,ENVO:feces,16S rRNA,ENVO:human-associated habitat,,UBERON:feces,,CCME,n,FWD:GTGCCAGCMGCCGCGGTAA; REV:GGACTACHVGGGTWTCTAAT,Sequencing by synthesis,1015:M01,40.01,n,CCME,M01 stool,1203465600,13.0,0.113126729386
48,1204675200,1015_3_06_M01_S605,GGTTACGGTTAC,GTGTGCCAGCMGCCGCGGTAA,swab,n,CCME,Knight_Bangladesh_travel_series,stool,33.0,V4,184.8,human gut metagenome,0,UBERON:feces,M01,CCME,9606,408170,UBERON:feces,1624.1,2/25/13,3/6/12,0.0,Bangladesh_FO_16s_NoIndex_sequences,ENVO:human-associated habitat,male,illumina,"Boulder, CO",GAZ:United States of America,170.0,Knight_Bangladesh_travel_series,M01,1.0,".1,g",years,UBERON:feces,1015,Illumina HiSeq V4,time series for 4 travellers who went to Bangladesh on the same trip,-105.27,human,right,Mexico,ENVO:feces,16S rRNA,ENVO:human-associated habitat,,UBERON:feces,,CCME,n,FWD:GTGCCAGCMGCCGCGGTAA; REV:GGACTACHVGGGTWTCTAAT,Sequencing by synthesis,1015:M01,40.01,n,CCME,M01 stool,1203465600,14.0,0.208343837177
49,1204761600,1015_3_07_M01_S1310,CAAACGCACTAA,GTGTGCCAGCMGCCGCGGTAA,swab,n,CCME,Knight_Bangladesh_travel_series,stool,33.0,V4,184.8,human gut metagenome,0,UBERON:feces,M01,CCME,9606,408170,UBERON:feces,1624.1,2/25/13,3/7/12,0.0,Bangladesh_FO_16s_NoIndex_sequences,ENVO:human-associated habitat,male,illumina,"Boulder, CO",GAZ:United States of America,170.0,Knight_Bangladesh_travel_series,M01,2.0,".1,g",years,UBERON:feces,1015,Illumina HiSeq V4,time series for 4 travellers who went to Bangladesh on the same trip,-105.27,human,right,Mexico,ENVO:feces,16S rRNA,ENVO:human-associated habitat,,UBERON:feces,,CCME,n,FWD:GTGCCAGCMGCCGCGGTAA; REV:GGACTACHVGGGTWTCTAAT,Sequencing by synthesis,1015:M01,40.01,n,CCME,M01 stool,1203465600,15.0,0.272434680875
50,1204848000,1015_3_08_M01_S540,AGGGCTATAGTT,GTGTGCCAGCMGCCGCGGTAA,swab,n,CCME,Knight_Bangladesh_travel_series,stool,33.0,V4,184.8,human gut metagenome,0,UBERON:feces,M01,CCME,9606,408170,UBERON:feces,1624.1,2/25/13,3/8/12,0.0,Bangladesh_FO_16s_NoIndex_sequences,ENVO:human-associated habitat,male,illumina,"Boulder, CO",GAZ:United States of America,170.0,Knight_Bangladesh_travel_series,M01,1.0,".1,g",years,UBERON:feces,1015,Illumina HiSeq V4,time series for 4 travellers who went to Bangladesh on the same trip,-105.27,human,right,Mexico,ENVO:feces,16S rRNA,ENVO:human-associated habitat,,UBERON:feces,,CCME,n,FWD:GTGCCAGCMGCCGCGGTAA; REV:GGACTACHVGGGTWTCTAAT,Sequencing by synthesis,1015:M01,40.01,n,CCME,M01 stool,1203465600,16.0,0.153527154534
51,1204934400,1015_3_09_M01_S350,ACATCAGGTCAC,GTGTGCCAGCMGCCGCGGTAA,swab,n,CCME,Knight_Bangladesh_travel_series,stool,33.0,V4,184.8,human gut metagenome,0,UBERON:feces,M01,CCME,9606,408170,UBERON:feces,1624.1,2/25/13,3/9/12,0.0,Bangladesh_FO_16s_NoIndex_sequences,ENVO:human-associated habitat,male,illumina,"Boulder, CO",GAZ:United States of America,170.0,Knight_Bangladesh_travel_series,M01,1.0,".1,g",years,UBERON:feces,1015,Illumina HiSeq V4,time series for 4 travellers who went to Bangladesh on the same trip,-105.27,human,right,Mexico,ENVO:feces,16S rRNA,ENVO:human-associated habitat,,UBERON:feces,,CCME,n,FWD:GTGCCAGCMGCCGCGGTAA; REV:GGACTACHVGGGTWTCTAAT,Sequencing by synthesis,1015:M01,40.01,n,CCME,M01 stool,1203465600,17.0,0.176610343154
52,1205020800,1015_3_10_M01_S720,CTGTAGCTTGGC,GTGTGCCAGCMGCCGCGGTAA,swab,n,CCME,Knight_Bangladesh_travel_series,stool,33.0,V4,184.8,human gut metagenome,0,UBERON:feces,M01,CCME,9606,408170,UBERON:feces,1624.1,2/25/13,3/10/12,0.0,Bangladesh_FO_16s_NoIndex_sequences,ENVO:human-associated habitat,male,illumina,"Boulder, CO",GAZ:United States of America,170.0,Knight_Bangladesh_travel_series,M01,2.0,".1,g",years,UBERON:feces,1015,Illumina HiSeq V4,time series for 4 travellers who went to Bangladesh on the same trip,-105.27,human,right,Mexico,ENVO:feces,16S rRNA,ENVO:human-associated habitat,,UBERON:feces,,CCME,n,FWD:GTGCCAGCMGCCGCGGTAA; REV:GGACTACHVGGGTWTCTAAT,Sequencing by synthesis,1015:M01,40.01,n,CCME,M01 stool,1203465600,18.0,0.109958006986
53,1205107200,1015_3_11_M01_S1000,TGTCTCGCAAGC,GTGTGCCAGCMGCCGCGGTAA,swab,n,CCME,Knight_Bangladesh_travel_series,stool,33.0,V4,184.8,human gut metagenome,0,UBERON:feces,M01,CCME,9606,408170,UBERON:feces,1624.1,2/25/13,3/11/12,0.0,Bangladesh_FO_16s_NoIndex_sequences,ENVO:human-associated habitat,male,illumina,"Boulder, CO",GAZ:United States of America,170.0,Knight_Bangladesh_travel_series,M01,2.0,".1,g",years,UBERON:feces,1015,Illumina HiSeq V4,time series for 4 travellers who went to Bangladesh on the same trip,-105.27,human,right,Mexico,ENVO:feces,16S rRNA,ENVO:human-associated habitat,,UBERON:feces,,CCME,n,FWD:GTGCCAGCMGCCGCGGTAA; REV:GGACTACHVGGGTWTCTAAT,Sequencing by synthesis,1015:M01,40.01,n,CCME,M01 stool,1203465600,19.0,0.0690875823398
54,1205193600,1015_3_12_M01_S540,TGAACTAGCGTC,GTGTGCCAGCMGCCGCGGTAA,swab,n,CCME,Knight_Bangladesh_travel_series,stool,33.0,V4,184.8,human gut metagenome,0,UBERON:feces,M01,CCME,9606,408170,UBERON:feces,1624.1,2/25/13,3/12/12,0.0,Bangladesh_FO_16s_NoIndex_sequences,ENVO:human-associated habitat,male,illumina,"Boulder, CO",GAZ:United States of America,170.0,Knight_Bangladesh_travel_series,M01,1.0,".1,g",years,UBERON:feces,1015,Illumina HiSeq V4,time series for 4 travellers who went to Bangladesh on the same trip,-105.27,human,right,Mexico,ENVO:feces,16S rRNA,ENVO:human-associated habitat,,UBERON:feces,,CCME,n,FWD:GTGCCAGCMGCCGCGGTAA; REV:GGACTACHVGGGTWTCTAAT,Sequencing by synthesis,1015:M01,40.01,n,CCME,M01 stool,1203465600,20.0,0.150597719209
55,1205280000,1015_3_13_M01_S700,ATGCCTCGTAAG,GTGTGCCAGCMGCCGCGGTAA,swab,n,CCME,Knight_Bangladesh_travel_series,stool,33.0,V4,184.8,human gut metagenome,0,UBERON:feces,M01,CCME,9606,408170,UBERON:feces,1624.1,2/25/13,3/13/12,0.0,Bangladesh_FO_16s_NoIndex_sequences,ENVO:human-associated habitat,male,illumina,"Boulder, CO",GAZ:United States of America,170.0,Knight_Bangladesh_travel_series,M01,2.0,".1,g",years,UBERON:feces,1015,Illumina HiSeq V4,time series for 4 travellers who went to Bangladesh on the same trip,-105.27,human,right,Mexico,ENVO:feces,16S rRNA,ENVO:human-associated habitat,,UBERON:feces,,CCME,n,FWD:GTGCCAGCMGCCGCGGTAA; REV:GGACTACHVGGGTWTCTAAT,Sequencing by synthesis,1015:M01,40.01,n,CCME,M01 stool,1203465600,21.0,0.0735941907676
56,1205366400,1015_3_14_M01_S1150,GCATTGAGTTCG,GTGTGCCAGCMGCCGCGGTAA,swab,n,CCME,Knight_Bangladesh_travel_series,stool,33.0,V4,184.8,human gut metagenome,0,UBERON:feces,M01,CCME,9606,408170,UBERON:feces,1624.1,2/25/13,3/14/12,0.0,Bangladesh_FO_16s_NoIndex_sequences,ENVO:human-associated habitat,male,illumina,"Boulder, CO",GAZ:United States of America,170.0,Knight_Bangladesh_travel_series,M01,1.0,".1,g",years,UBERON:feces,1015,Illumina HiSeq V4,time series for 4 travellers who went to Bangladesh on the same trip,-105.27,human,right,Mexico,ENVO:feces,16S rRNA,ENVO:human-associated habitat,,UBERON:feces,,CCME,n,FWD:GTGCCAGCMGCCGCGGTAA; REV:GGACTACHVGGGTWTCTAAT,Sequencing by synthesis,1015:M01,40.01,n,CCME,M01 stool,1203465600,22.0,0.0589226216127
57,1205452800,1015_3_15_M01_S1017,CAGCCGCATATC,GTGTGCCAGCMGCCGCGGTAA,swab,n,CCME,Knight_Bangladesh_travel_series,stool,33.0,V4,184.8,human gut metagenome,0,UBERON:feces,M01,CCME,9606,408170,UBERON:feces,1624.1,2/25/13,3/15/12,0.0,Bangladesh_FO_16s_NoIndex_sequences,ENVO:human-associated habitat,male,illumina,"Boulder, CO",GAZ:United States of America,170.0,Knight_Bangladesh_travel_series,M01,1.0,".1,g",years,UBERON:feces,1015,Illumina HiSeq V4,time series for 4 travellers who went to Bangladesh on the same trip,-105.27,human,right,Mexico,ENVO:feces,16S rRNA,ENVO:human-associated habitat,,UBERON:feces,,CCME,n,FWD:GTGCCAGCMGCCGCGGTAA; REV:GGACTACHVGGGTWTCTAAT,Sequencing by synthesis,1015:M01,40.01,n,CCME,M01 stool,1203465600,23.0,0.0444283501105
58,1205539200,1015_3_16_M01_S640,ATGTGCTGCTCG,GTGTGCCAGCMGCCGCGGTAA,swab,n,CCME,Knight_Bangladesh_travel_series,stool,33.0,V4,184.8,human gut metagenome,0,UBERON:feces,M01,CCME,9606,408170,UBERON:feces,1624.1,2/25/13,3/16/12,0.0,Bangladesh_FO_16s_NoIndex_sequences,ENVO:human-associated habitat,male,illumina,"Boulder, CO",GAZ:United States of America,170.0,Knight_Bangladesh_travel_series,M01,2.0,".1,g",years,UBERON:feces,1015,Illumina HiSeq V4,time series for 4 travellers who went to Bangladesh on the same trip,-105.27,human,right,Mexico,ENVO:feces,16S rRNA,ENVO:human-associated habitat,,UBERON:feces,,CCME,n,FWD:GTGCCAGCMGCCGCGGTAA; REV:GGACTACHVGGGTWTCTAAT,Sequencing by synthesis,1015:M01,40.01,n,CCME,M01 stool,1203465600,24.0,0.143627758338
59,1205625600,1015_3_17_M01_S600,CGATACACTGCC,GTGTGCCAGCMGCCGCGGTAA,swab,n,CCME,Knight_Bangladesh_travel_series,stool,33.0,V4,184.8,human gut metagenome,0,UBERON:feces,M01,CCME,9606,408170,UBERON:feces,1624.1,2/25/13,3/17/12,0.0,Bangladesh_FO_16s_NoIndex_sequences,ENVO:human-associated habitat,male,illumina,"Boulder, CO",GAZ:United States of America,170.0,Knight_Bangladesh_travel_series,M01,1.0,".1,g",years,UBERON:feces,1015,Illumina HiSeq V4,time series for 4 travellers who went to Bangladesh on the same trip,-105.27,human,right,Mexico,ENVO:feces,16S rRNA,ENVO:human-associated habitat,,UBERON:feces,,CCME,n,FWD:GTGCCAGCMGCCGCGGTAA; REV:GGACTACHVGGGTWTCTAAT,Sequencing by synthesis,1015:M01,40.01,n,CCME,M01 stool,1203465600,25.0,0.18385452803
60,1205712000,1015_3_18_M01_S720,TCCTCTTTGGTC,GTGTGCCAGCMGCCGCGGTAA,swab,n,CCME,Knight_Bangladesh_travel_series,stool,33.0,V4,184.8,human gut metagenome,0,UBERON:feces,M01,CCME,9606,408170,UBERON:feces,1624.1,2/25/13,3/18/12,0.0,Bangladesh_FO_16s_NoIndex_sequences,ENVO:human-associated habitat,male,illumina,"Boulder, CO",GAZ:United States of America,170.0,Knight_Bangladesh_travel_series,M01,1.0,".1,g",years,UBERON:feces,1015,Illumina HiSeq V4,time series for 4 travellers who went to Bangladesh on the same trip,-105.27,human,right,Mexico,ENVO:feces,16S rRNA,ENVO:human-associated habitat,,UBERON:feces,,CCME,n,FWD:GTGCCAGCMGCCGCGGTAA; REV:GGACTACHVGGGTWTCTAAT,Sequencing by synthesis,1015:M01,40.01,n,CCME,M01 stool,1203465600,26.0,0.0717664302313
61,1205798400,1015_3_19_M01_S730,TACGTACGAAAC,GTGTGCCAGCMGCCGCGGTAA,swab,n,CCME,Knight_Bangladesh_travel_series,stool,33.0,V4,184.8,human gut metagenome,0,UBERON:feces,M01,CCME,9606,408170,UBERON:feces,1624.1,2/25/13,3/19/12,0.0,Bangladesh_FO_16s_NoIndex_sequences,ENVO:human-associated habitat,male,illumina,"Boulder, CO",GAZ:United States of America,170.0,Knight_Bangladesh_travel_series,M01,1.0,".1,g",years,UBERON:feces,1015,Illumina HiSeq V4,time series for 4 travellers who went to Bangladesh on the same trip,-105.27,human,right,Mexico,ENVO:feces,16S rRNA,ENVO:human-associated habitat,,UBERON:feces,,CCME,n,FWD:GTGCCAGCMGCCGCGGTAA; REV:GGACTACHVGGGTWTCTAAT,Sequencing by synthesis,1015:M01,40.01,n,CCME,M01 stool,1203465600,27.0,0.0525196629668
62,1205971200,1015_3_21_M01_S900,AGTGTCGATTCG,GTGTGCCAGCMGCCGCGGTAA,swab,n,CCME,Knight_Bangladesh_travel_series,stool,33.0,V4,184.8,human gut metagenome,0,UBERON:feces,M01,CCME,9606,408170,UBERON:feces,1624.1,2/25/13,3/21/12,0.0,Bangladesh_FO_16s_NoIndex_sequences,ENVO:human-associated habitat,male,illumina,"Boulder, CO",GAZ:United States of America,170.0,Knight_Bangladesh_travel_series,M01,1.0,".1,g",years,UBERON:feces,1015,Illumina HiSeq V4,time series for 4 travellers who went to Bangladesh on the same trip,-105.27,human,right,Mexico,ENVO:feces,16S rRNA,ENVO:human-associated habitat,,UBERON:feces,,CCME,n,FWD:GTGCCAGCMGCCGCGGTAA; REV:GGACTACHVGGGTWTCTAAT,Sequencing by synthesis,1015:M01,40.01,n,CCME,M01 stool,1203465600,29.0,0.0883789875629
63,1206057600,1015_3_22_M01_S1243,CCAAGATTCGCC,GTGTGCCAGCMGCCGCGGTAA,swab,n,CCME,Knight_Bangladesh_travel_series,stool,33.0,V4,184.8,human gut metagenome,0,UBERON:feces,M01,CCME,9606,408170,UBERON:feces,1624.1,2/25/13,3/22/12,0.0,Bangladesh_FO_16s_NoIndex_sequences,ENVO:human-associated habitat,male,illumina,"Boulder, CO",GAZ:United States of America,170.0,Knight_Bangladesh_travel_series,M01,2.0,".1,g",years,UBERON:feces,1015,Illumina HiSeq V4,time series for 4 travellers who went to Bangladesh on the same trip,-105.27,human,right,Mexico,ENVO:feces,16S rRNA,ENVO:human-associated habitat,,UBERON:feces,,CCME,n,FWD:GTGCCAGCMGCCGCGGTAA; REV:GGACTACHVGGGTWTCTAAT,Sequencing by synthesis,1015:M01,40.01,n,CCME,M01 stool,1203465600,30.0,0.0410632511033
64,1206144000,1015_3_23_M01_S0010,ACCCACCACTAG,GTGTGCCAGCMGCCGCGGTAA,swab,n,CCME,Knight_Bangladesh_travel_series,stool,33.0,V4,184.8,human gut metagenome,0,UBERON:feces,M01,CCME,9606,408170,UBERON:feces,1624.1,2/25/13,3/23/12,0.0,Bangladesh_FO_16s_NoIndex_sequences,ENVO:human-associated habitat,male,illumina,"Boulder, CO",GAZ:United States of America,170.0,Knight_Bangladesh_travel_series,M01,1.0,".1,g",years,UBERON:feces,1015,Illumina HiSeq V4,time series for 4 travellers who went to Bangladesh on the same trip,-105.27,human,right,Mexico,ENVO:feces,16S rRNA,ENVO:human-associated habitat,,UBERON:feces,,CCME,n,FWD:GTGCCAGCMGCCGCGGTAA; REV:GGACTACHVGGGTWTCTAAT,Sequencing by synthesis,1015:M01,40.01,n,CCME,M01 stool,1203465600,31.0,0.0533734725997
65,1206230400,1015_3_24_M01_S726,CAGTCAGGCCTT,GTGTGCCAGCMGCCGCGGTAA,swab,n,CCME,Knight_Bangladesh_travel_series,stool,33.0,V4,184.8,human gut metagenome,0,UBERON:feces,M01,CCME,9606,408170,UBERON:feces,1624.1,2/25/13,3/24/12,0.0,Bangladesh_FO_16s_NoIndex_sequences,ENVO:human-associated habitat,male,illumina,"Boulder, CO",GAZ:United States of America,170.0,Knight_Bangladesh_travel_series,M01,1.0,".1,g",years,UBERON:feces,1015,Illumina HiSeq V4,time series for 4 travellers who went to Bangladesh on the same trip,-105.27,human,right,Mexico,ENVO:feces,16S rRNA,ENVO:human-associated habitat,,UBERON:feces,,CCME,n,FWD:GTGCCAGCMGCCGCGGTAA; REV:GGACTACHVGGGTWTCTAAT,Sequencing by synthesis,1015:M01,40.01,n,CCME,M01 stool,1203465600,32.0,0.0897880114208
66,1206316800,1015_3_25_M01_S700,GTTAGGGAGCGA,GTGTGCCAGCMGCCGCGGTAA,swab,n,CCME,Knight_Bangladesh_travel_series,stool,33.0,V4,184.8,human gut metagenome,0,UBERON:feces,M01,CCME,9606,408170,UBERON:feces,1624.1,2/25/13,3/25/12,0.0,Bangladesh_FO_16s_NoIndex_sequences,ENVO:human-associated habitat,male,illumina,"Boulder, CO",GAZ:United States of America,170.0,Knight_Bangladesh_travel_series,M01,1.0,".1,g",years,UBERON:feces,1015,Illumina HiSeq V4,time series for 4 travellers who went to Bangladesh on the same trip,-105.27,human,right,Mexico,ENVO:feces,16S rRNA,ENVO:human-associated habitat,,UBERON:feces,,CCME,n,FWD:GTGCCAGCMGCCGCGGTAA; REV:GGACTACHVGGGTWTCTAAT,Sequencing by synthesis,1015:M01,40.01,n,CCME,M01 stool,1203465600,33.0,0.0304709254215
67,1206403200,1015_3_26_M01_S100,GAGGCTGATTTA,GTGTGCCAGCMGCCGCGGTAA,swab,n,CCME,Knight_Bangladesh_travel_series,stool,33.0,V4,184.8,human gut metagenome,0,UBERON:feces,M01,CCME,9606,408170,UBERON:feces,1624.1,2/25/13,3/26/12,0.0,Bangladesh_FO_16s_NoIndex_sequences,ENVO:human-associated habitat,male,illumina,"Boulder, CO",GAZ:United States of America,170.0,Knight_Bangladesh_travel_series,M01,1.0,".1,g",years,UBERON:feces,1015,Illumina HiSeq V4,time series for 4 travellers who went to Bangladesh on the same trip,-105.27,human,right,Mexico,ENVO:feces,16S rRNA,ENVO:human-associated habitat,,UBERON:feces,,CCME,n,FWD:GTGCCAGCMGCCGCGGTAA; REV:GGACTACHVGGGTWTCTAAT,Sequencing by synthesis,1015:M01,40.01,n,CCME,M01 stool,1203465600,34.0,0.0791277361982
68,1206489600,1015_3_27_M01_S700,ACTGAGCTGCAT,GTGTGCCAGCMGCCGCGGTAA,swab,n,CCME,Knight_Bangladesh_travel_series,stool,33.0,V4,184.8,human gut metagenome,0,UBERON:feces,M01,CCME,9606,408170,UBERON:feces,1624.1,2/25/13,3/27/12,0.0,Bangladesh_FO_16s_NoIndex_sequences,ENVO:human-associated habitat,male,illumina,"Boulder, CO",GAZ:United States of America,170.0,Knight_Bangladesh_travel_series,M01,1.0,".1,g",years,UBERON:feces,1015,Illumina HiSeq V4,time series for 4 travellers who went to Bangladesh on the same trip,-105.27,human,right,Mexico,ENVO:feces,16S rRNA,ENVO:human-associated habitat,,UBERON:feces,,CCME,n,FWD:GTGCCAGCMGCCGCGGTAA; REV:GGACTACHVGGGTWTCTAAT,Sequencing by synthesis,1015:M01,40.01,n,CCME,M01 stool,1203465600,35.0,0.153073626817
69,1206576000,1015_3_28_M01_S1532,ACGGCTAGTTCC,GTGTGCCAGCMGCCGCGGTAA,swab,n,CCME,Knight_Bangladesh_travel_series,stool,33.0,V4,184.8,human gut metagenome,0,UBERON:feces,M01,CCME,9606,408170,UBERON:feces,1624.1,2/25/13,3/28/12,0.0,Bangladesh_FO_16s_NoIndex_sequences,ENVO:human-associated habitat,male,illumina,"Boulder, CO",GAZ:United States of America,170.0,Knight_Bangladesh_travel_series,M01,2.0,".1,g",years,UBERON:feces,1015,Illumina HiSeq V4,time series for 4 travellers who went to Bangladesh on the same trip,-105.27,human,right,Mexico,ENVO:feces,16S rRNA,ENVO:human-associated habitat,,UBERON:feces,,CCME,n,FWD:GTGCCAGCMGCCGCGGTAA; REV:GGACTACHVGGGTWTCTAAT,Sequencing by synthesis,1015:M01,40.01,n,CCME,M01 stool,1203465600,36.0,0.0488834489766
70,1206662400,1015_3_29_M01_S1230,ACGAAGTCTACC,GTGTGCCAGCMGCCGCGGTAA,swab,n,CCME,Knight_Bangladesh_travel_series,stool,33.0,V4,184.8,human gut metagenome,0,UBERON:feces,M01,CCME,9606,408170,UBERON:feces,1624.1,2/25/13,3/29/12,0.0,Bangladesh_FO_16s_NoIndex_sequences,ENVO:human-associated habitat,male,illumina,"Boulder, CO",GAZ:United States of America,170.0,Knight_Bangladesh_travel_series,M01,2.0,".1,g",years,UBERON:feces,1015,Illumina HiSeq V4,time series for 4 travellers who went to Bangladesh on the same trip,-105.27,human,right,Mexico,ENVO:feces,16S rRNA,ENVO:human-associated habitat,,UBERON:feces,,CCME,n,FWD:GTGCCAGCMGCCGCGGTAA; REV:GGACTACHVGGGTWTCTAAT,Sequencing by synthesis,1015:M01,40.01,n,CCME,M01 stool,1203465600,37.0,0.0895592784016
71,1206748800,1015_3_30_M01_S800,ACGTAACCACGT,GTGTGCCAGCMGCCGCGGTAA,swab,n,CCME,Knight_Bangladesh_travel_series,stool,33.0,V4,184.8,human gut metagenome,0,UBERON:feces,M01,CCME,9606,408170,UBERON:feces,1624.1,2/25/13,3/30/12,0.0,Bangladesh_FO_16s_NoIndex_sequences,ENVO:human-associated habitat,male,illumina,"Boulder, CO",GAZ:United States of America,170.0,Knight_Bangladesh_travel_series,M01,1.0,".1,g",years,UBERON:feces,1015,Illumina HiSeq V4,time series for 4 travellers who went to Bangladesh on the same trip,-105.27,human,right,Mexico,ENVO:feces,16S rRNA,ENVO:human-associated habitat,,UBERON:feces,,CCME,n,FWD:GTGCCAGCMGCCGCGGTAA; REV:GGACTACHVGGGTWTCTAAT,Sequencing by synthesis,1015:M01,40.01,n,CCME,M01 stool,1203465600,38.0,0.124148218486
72,1206835200,1015_3_31_M01_S900,CTGGTGCTGAAT,GTGTGCCAGCMGCCGCGGTAA,swab,n,CCME,Knight_Bangladesh_travel_series,stool,33.0,V4,184.8,human gut metagenome,0,UBERON:feces,M01,CCME,9606,408170,UBERON:feces,1624.1,2/25/13,3/31/12,0.0,Bangladesh_FO_16s_NoIndex_sequences,ENVO:human-associated habitat,male,illumina,"Boulder, CO",GAZ:United States of America,170.0,Knight_Bangladesh_travel_series,M01,2.0,".1,g",years,UBERON:feces,1015,Illumina HiSeq V4,time series for 4 travellers who went to Bangladesh on the same trip,-105.27,human,right,Mexico,ENVO:feces,16S rRNA,ENVO:human-associated habitat,,UBERON:feces,,CCME,n,FWD:GTGCCAGCMGCCGCGGTAA; REV:GGACTACHVGGGTWTCTAAT,Sequencing by synthesis,1015:M01,40.01,n,CCME,M01 stool,1203465600,39.0,0.0438924869523
73,1206921600,1015_4_01_M01_S630,GACTCAACCAGT,GTGTGCCAGCMGCCGCGGTAA,swab,n,CCME,Knight_Bangladesh_travel_series,stool,33.0,V4,184.8,human gut metagenome,0,UBERON:feces,M01,CCME,9606,408170,UBERON:feces,1624.1,2/25/13,4/1/12,0.0,Bangladesh_FO_16s_NoIndex_sequences,ENVO:human-associated habitat,male,illumina,"Boulder, CO",GAZ:United States of America,170.0,Knight_Bangladesh_travel_series,M01,1.0,".1,g",years,UBERON:feces,1015,Illumina HiSeq V4,time series for 4 travellers who went to Bangladesh on the same trip,-105.27,human,right,Mexico,ENVO:feces,16S rRNA,ENVO:human-associated habitat,,UBERON:feces,,CCME,n,FWD:GTGCCAGCMGCCGCGGTAA; REV:GGACTACHVGGGTWTCTAAT,Sequencing by synthesis,1015:M01,40.01,n,CCME,M01 stool,1203465600,40.0,0.0656991285158
74,1207008000,1015_4_02_M01_S515,GATCTAATCGAG,GTGTGCCAGCMGCCGCGGTAA,swab,n,CCME,Knight_Bangladesh_travel_series,stool,33.0,V4,184.8,human gut metagenome,0,UBERON:feces,M01,CCME,9606,408170,UBERON:feces,1624.1,2/25/13,4/2/12,0.0,Bangladesh_FO_16s_NoIndex_sequences,ENVO:human-associated habitat,male,illumina,"Boulder, CO",GAZ:United States of America,170.0,Knight_Bangladesh_travel_series,M01,1.0,".1,g",years,UBERON:feces,1015,Illumina HiSeq V4,time series for 4 travellers who went to Bangladesh on the same trip,-105.27,human,right,Mexico,ENVO:feces,16S rRNA,ENVO:human-associated habitat,,UBERON:feces,,CCME,n,FWD:GTGCCAGCMGCCGCGGTAA; REV:GGACTACHVGGGTWTCTAAT,Sequencing by synthesis,1015:M01,40.01,n,CCME,M01 stool,1203465600,41.0,0.120643427333
75,1207094400,1015_4_03_M01_S1706,GAGTCTTGGTAA,GTGTGCCAGCMGCCGCGGTAA,swab,n,CCME,Knight_Bangladesh_travel_series,stool,33.0,V4,184.8,human gut metagenome,0,UBERON:feces,M01,CCME,9606,408170,UBERON:feces,1624.1,2/25/13,4/3/12,0.0,Bangladesh_FO_16s_NoIndex_sequences,ENVO:human-associated habitat,male,illumina,"Boulder, CO",GAZ:United States of America,170.0,Knight_Bangladesh_travel_series,M01,3.0,".1,g",years,UBERON:feces,1015,Illumina HiSeq V4,time series for 4 travellers who went to Bangladesh on the same trip,-105.27,human,right,Mexico,ENVO:feces,16S rRNA,ENVO:human-associated habitat,,UBERON:feces,,CCME,n,FWD:GTGCCAGCMGCCGCGGTAA; REV:GGACTACHVGGGTWTCTAAT,Sequencing by synthesis,1015:M01,40.01,n,CCME,M01 stool,1203465600,42.0,0.0772215279714
76,1207353600,1015_4_06_M01_S1310,TCTAACGAGTGC,GTGTGCCAGCMGCCGCGGTAA,swab,n,CCME,Knight_Bangladesh_travel_series,stool,33.0,V4,184.8,human gut metagenome,0,UBERON:feces,M01,CCME,9606,408170,UBERON:feces,1624.1,2/25/13,4/6/12,0.0,Bangladesh_FO_16s_NoIndex_sequences,ENVO:human-associated habitat,male,illumina,"Boulder, CO",GAZ:United States of America,170.0,Knight_Bangladesh_travel_series,M01,1.0,".1,g",years,UBERON:feces,1015,Illumina HiSeq V4,time series for 4 travellers who went to Bangladesh on the same trip,-105.27,human,right,Mexico,ENVO:feces,16S rRNA,ENVO:human-associated habitat,,UBERON:feces,,CCME,n,FWD:GTGCCAGCMGCCGCGGTAA; REV:GGACTACHVGGGTWTCTAAT,Sequencing by synthesis,1015:M01,40.01,n,CCME,M01 stool,1203465600,45.0,0.163463054653
77,1207440000,1015_4_07_M01_S1553,TTATGTACGGCG,GTGTGCCAGCMGCCGCGGTAA,swab,n,CCME,Knight_Bangladesh_travel_series,stool,33.0,V4,184.8,human gut metagenome,0,UBERON:feces,M01,CCME,9606,408170,UBERON:feces,1624.1,2/25/13,4/7/12,0.0,Bangladesh_FO_16s_NoIndex_sequences,ENVO:human-associated habitat,male,illumina,"Boulder, CO",GAZ:United States of America,170.0,Knight_Bangladesh_travel_series,M01,2.0,".1,g",years,UBERON:feces,1015,Illumina HiSeq V4,time series for 4 travellers who went to Bangladesh on the same trip,-105.27,human,right,Mexico,ENVO:feces,16S rRNA,ENVO:human-associated habitat,,UBERON:feces,,CCME,n,FWD:GTGCCAGCMGCCGCGGTAA; REV:GGACTACHVGGGTWTCTAAT,Sequencing by synthesis,1015:M01,40.01,n,CCME,M01 stool,1203465600,46.0,0.0849099053132
78,1207526400,1015_4_08_M01_S808,ACACAGTCCTGA,GTGTGCCAGCMGCCGCGGTAA,swab,n,CCME,Knight_Bangladesh_travel_series,stool,33.0,V4,184.8,human gut metagenome,0,UBERON:feces,M01,CCME,9606,408170,UBERON:feces,1624.1,2/25/13,4/8/12,0.0,Bangladesh_FO_16s_NoIndex_sequences,ENVO:human-associated habitat,male,illumina,"Boulder, CO",GAZ:United States of America,170.0,Knight_Bangladesh_travel_series,M01,2.0,".1,g",years,UBERON:feces,1015,Illumina HiSeq V4,time series for 4 travellers who went to Bangladesh on the same trip,-105.27,human,right,Mexico,ENVO:feces,16S rRNA,ENVO:human-associated habitat,,UBERON:feces,,CCME,n,FWD:GTGCCAGCMGCCGCGGTAA; REV:GGACTACHVGGGTWTCTAAT,Sequencing by synthesis,1015:M01,40.01,n,CCME,M01 stool,1203465600,47.0,0.141982017039
79,1207612800,1015_4_09_M01_S859,CATCTGGGCAAT,GTGTGCCAGCMGCCGCGGTAA,swab,n,CCME,Knight_Bangladesh_travel_series,stool,33.0,V4,184.8,human gut metagenome,0,UBERON:feces,M01,CCME,9606,408170,UBERON:feces,1624.1,2/25/13,4/9/12,0.0,Bangladesh_FO_16s_NoIndex_sequences,ENVO:human-associated habitat,male,illumina,"Boulder, CO",GAZ:United States of America,170.0,Knight_Bangladesh_travel_series,M01,3.0,".1,g",years,UBERON:feces,1015,Illumina HiSeq V4,time series for 4 travellers who went to Bangladesh on the same trip,-105.27,human,right,Mexico,ENVO:feces,16S rRNA,ENVO:human-associated habitat,,UBERON:feces,,CCME,n,FWD:GTGCCAGCMGCCGCGGTAA; REV:GGACTACHVGGGTWTCTAAT,Sequencing by synthesis,1015:M01,40.01,n,CCME,M01 stool,1203465600,48.0,0.304380812824
80,1207699200,1015_4_10_M01_S1400,AGTGATGTGACT,GTGTGCCAGCMGCCGCGGTAA,swab,n,CCME,Knight_Bangladesh_travel_series,stool,33.0,V4,184.8,human gut metagenome,0,UBERON:feces,M01,CCME,9606,408170,UBERON:feces,1624.1,2/25/13,4/10/12,0.0,Bangladesh_FO_16s_NoIndex_sequences,ENVO:human-associated habitat,male,illumina,"Boulder, CO",GAZ:United States of America,170.0,Knight_Bangladesh_travel_series,M01,4.0,".1,g",years,UBERON:feces,1015,Illumina HiSeq V4,time series for 4 travellers who went to Bangladesh on the same trip,-105.27,human,right,Mexico,ENVO:feces,16S rRNA,ENVO:human-associated habitat,,UBERON:feces,,CCME,n,FWD:GTGCCAGCMGCCGCGGTAA; REV:GGACTACHVGGGTWTCTAAT,Sequencing by synthesis,1015:M01,40.01,n,CCME,M01 stool,1203465600,49.0,0.261391139985
81,1207785600,1015_4_11_M01_S600,AACATGCATGCC,GTGTGCCAGCMGCCGCGGTAA,swab,n,CCME,Knight_Bangladesh_travel_series,stool,33.0,V4,184.8,human gut metagenome,0,UBERON:feces,M01,CCME,9606,408170,UBERON:feces,1624.1,2/25/13,4/11/12,0.0,Bangladesh_FO_16s_NoIndex_sequences,ENVO:human-associated habitat,male,illumina,"Boulder, CO",GAZ:United States of America,170.0,Knight_Bangladesh_travel_series,M01,1.0,".1,g",years,UBERON:feces,1015,Illumina HiSeq V4,time series for 4 travellers who went to Bangladesh on the same trip,-105.27,human,right,Mexico,ENVO:feces,16S rRNA,ENVO:human-associated habitat,,UBERON:feces,,CCME,n,FWD:GTGCCAGCMGCCGCGGTAA; REV:GGACTACHVGGGTWTCTAAT,Sequencing by synthesis,1015:M01,40.01,n,CCME,M01 stool,1203465600,50.0,0.124973350353
82,1207872000,1015_4_12_M01_S1820,GTCTCCTCCCTT,GTGTGCCAGCMGCCGCGGTAA,swab,n,CCME,Knight_Bangladesh_travel_series,stool,33.0,V4,184.8,human gut metagenome,0,UBERON:feces,M01,CCME,9606,408170,UBERON:feces,1624.1,2/25/13,4/12/12,0.0,Bangladesh_FO_16s_NoIndex_sequences,ENVO:human-associated habitat,male,illumina,"Boulder, CO",GAZ:United States of America,170.0,Knight_Bangladesh_travel_series,M01,5.0,".1,g",years,UBERON:feces,1015,Illumina HiSeq V4,time series for 4 travellers who went to Bangladesh on the same trip,-105.27,human,right,Mexico,ENVO:feces,16S rRNA,ENVO:human-associated habitat,,UBERON:feces,,CCME,n,FWD:GTGCCAGCMGCCGCGGTAA; REV:GGACTACHVGGGTWTCTAAT,Sequencing by synthesis,1015:M01,40.01,n,CCME,M01 stool,1203465600,51.0,0.200541986147
83,1207958400,1015_4_13_M01_S600,GCGTAGAGAGAC,GTGTGCCAGCMGCCGCGGTAA,swab,n,CCME,Knight_Bangladesh_travel_series,stool,33.0,V4,184.8,human gut metagenome,0,UBERON:feces,M01,CCME,9606,408170,UBERON:feces,1624.1,2/25/13,4/13/12,0.0,Bangladesh_FO_16s_NoIndex_sequences,ENVO:human-associated habitat,male,illumina,"Boulder, CO",GAZ:United States of America,170.0,Knight_Bangladesh_travel_series,M01,1.0,".1,g",years,UBERON:feces,1015,Illumina HiSeq V4,time series for 4 travellers who went to Bangladesh on the same trip,-105.27,human,right,Mexico,ENVO:feces,16S rRNA,ENVO:human-associated habitat,,UBERON:feces,,CCME,n,FWD:GTGCCAGCMGCCGCGGTAA; REV:GGACTACHVGGGTWTCTAAT,Sequencing by synthesis,1015:M01,40.01,n,CCME,M01 stool,1203465600,52.0,0.128262644974
84,1208044800,1015_4_14_M01_S600,TTGGAACGGCTT,GTGTGCCAGCMGCCGCGGTAA,swab,n,CCME,Knight_Bangladesh_travel_series,stool,33.0,V4,184.8,human gut metagenome,0,UBERON:feces,M01,CCME,9606,408170,UBERON:feces,1624.1,2/25/13,4/14/12,0.0,Bangladesh_FO_16s_NoIndex_sequences,ENVO:human-associated habitat,male,illumina,"Boulder, CO",GAZ:United States of America,170.0,Knight_Bangladesh_travel_series,M01,1.0,".1,g",years,UBERON:feces,1015,Illumina HiSeq V4,time series for 4 travellers who went to Bangladesh on the same trip,-105.27,human,right,Mexico,ENVO:feces,16S rRNA,ENVO:human-associated habitat,,UBERON:feces,,CCME,n,FWD:GTGCCAGCMGCCGCGGTAA; REV:GGACTACHVGGGTWTCTAAT,Sequencing by synthesis,1015:M01,40.01,n,CCME,M01 stool,1203465600,53.0,0.0709106401296
85,1208131200,1015_4_15_M01_S1430,TCGGTCCATAGC,GTGTGCCAGCMGCCGCGGTAA,swab,n,CCME,Knight_Bangladesh_travel_series,stool,33.0,V4,184.8,human gut metagenome,0,UBERON:feces,M01,CCME,9606,408170,UBERON:feces,1624.1,2/25/13,4/15/12,0.0,Bangladesh_FO_16s_NoIndex_sequences,ENVO:human-associated habitat,male,illumina,"Boulder, CO",GAZ:United States of America,170.0,Knight_Bangladesh_travel_series,M01,2.0,".1,g",years,UBERON:feces,1015,Illumina HiSeq V4,time series for 4 travellers who went to Bangladesh on the same trip,-105.27,human,right,Mexico,ENVO:feces,16S rRNA,ENVO:human-associated habitat,,UBERON:feces,,CCME,n,FWD:GTGCCAGCMGCCGCGGTAA; REV:GGACTACHVGGGTWTCTAAT,Sequencing by synthesis,1015:M01,40.01,n,CCME,M01 stool,1203465600,54.0,0.0709955417912
86,1208217600,1015_4_16_M01_S705,GTTGGTTGGCAT,GTGTGCCAGCMGCCGCGGTAA,swab,n,CCME,Knight_Bangladesh_travel_series,stool,33.0,V4,184.8,human gut metagenome,0,UBERON:feces,M01,CCME,9606,408170,UBERON:feces,1624.1,2/25/13,4/16/12,0.0,Bangladesh_FO_16s_NoIndex_sequences,ENVO:human-associated habitat,male,illumina,"Boulder, CO",GAZ:United States of America,170.0,Knight_Bangladesh_travel_series,M01,2.0,".1,g",years,UBERON:feces,1015,Illumina HiSeq V4,time series for 4 travellers who went to Bangladesh on the same trip,-105.27,human,right,Mexico,ENVO:feces,16S rRNA,ENVO:human-associated habitat,,UBERON:feces,,CCME,n,FWD:GTGCCAGCMGCCGCGGTAA; REV:GGACTACHVGGGTWTCTAAT,Sequencing by synthesis,1015:M01,40.01,n,CCME,M01 stool,1203465600,55.0,0.38655110911
87,1208304000,1015_4_17_M01_S1354,AACCTCGGATAA,GTGTGCCAGCMGCCGCGGTAA,swab,n,CCME,Knight_Bangladesh_travel_series,stool,33.0,V4,184.8,human gut metagenome,0,UBERON:feces,M01,CCME,9606,408170,UBERON:feces,1624.1,2/25/13,4/17/12,0.0,Bangladesh_FO_16s_NoIndex_sequences,ENVO:human-associated habitat,male,illumina,"Boulder, CO",GAZ:United States of America,170.0,Knight_Bangladesh_travel_series,M01,3.0,".1,g",years,UBERON:feces,1015,Illumina HiSeq V4,time series for 4 travellers who went to Bangladesh on the same trip,-105.27,human,right,Mexico,ENVO:feces,16S rRNA,ENVO:human-associated habitat,,UBERON:feces,,CCME,n,FWD:GTGCCAGCMGCCGCGGTAA; REV:GGACTACHVGGGTWTCTAAT,Sequencing by synthesis,1015:M01,40.01,n,CCME,M01 stool,1203465600,56.0,0.122736614072
88,1208390400,1015_4_18_M01_S1430,CACCTGTAGTAG,GTGTGCCAGCMGCCGCGGTAA,swab,n,CCME,Knight_Bangladesh_travel_series,stool,33.0,V4,184.8,human gut metagenome,0,UBERON:feces,M01,CCME,9606,408170,UBERON:feces,1624.1,2/25/13,4/18/12,0.0,Bangladesh_FO_16s_NoIndex_sequences,ENVO:human-associated habitat,male,illumina,"Boulder, CO",GAZ:United States of America,170.0,Knight_Bangladesh_travel_series,M01,3.0,".1,g",years,UBERON:feces,1015,Illumina HiSeq V4,time series for 4 travellers who went to Bangladesh on the same trip,-105.27,human,right,Mexico,ENVO:feces,16S rRNA,ENVO:human-associated habitat,,UBERON:feces,,CCME,n,FWD:GTGCCAGCMGCCGCGGTAA; REV:GGACTACHVGGGTWTCTAAT,Sequencing by synthesis,1015:M01,40.01,n,CCME,M01 stool,1203465600,57.0,0.154687618944
89,1208476800,1015_4_19_M01_S900,TTCACCTGTATC,GTGTGCCAGCMGCCGCGGTAA,swab,n,CCME,Knight_Bangladesh_travel_series,stool,33.0,V4,184.8,human gut metagenome,0,UBERON:feces,M01,CCME,9606,408170,UBERON:feces,1624.1,2/25/13,4/19/12,0.0,Bangladesh_FO_16s_NoIndex_sequences,ENVO:human-associated habitat,male,illumina,"Boulder, CO",GAZ:United States of America,170.0,Knight_Bangladesh_travel_series,M01,3.0,".1,g",years,UBERON:feces,1015,Illumina HiSeq V4,time series for 4 travellers who went to Bangladesh on the same trip,-105.27,human,right,Mexico,ENVO:feces,16S rRNA,ENVO:human-associated habitat,,UBERON:feces,,CCME,n,FWD:GTGCCAGCMGCCGCGGTAA; REV:GGACTACHVGGGTWTCTAAT,Sequencing by synthesis,1015:M01,40.01,n,CCME,M01 stool,1203465600,58.0,0.248305184538
90,1208563200,1015_4_20_M01_S1300,AACCCAGATGAT,GTGTGCCAGCMGCCGCGGTAA,swab,n,CCME,Knight_Bangladesh_travel_series,stool,33.0,V4,184.8,human gut metagenome,0,UBERON:feces,M01,CCME,9606,408170,UBERON:feces,1624.1,2/25/13,4/20/12,0.0,Bangladesh_FO_16s_NoIndex_sequences,ENVO:human-associated habitat,male,illumina,"Boulder, CO",GAZ:United States of America,170.0,Knight_Bangladesh_travel_series,M01,4.0,".1,g",years,UBERON:feces,1015,Illumina HiSeq V4,time series for 4 travellers who went to Bangladesh on the same trip,-105.27,human,right,Mexico,ENVO:feces,16S rRNA,ENVO:human-associated habitat,,UBERON:feces,,CCME,n,FWD:GTGCCAGCMGCCGCGGTAA; REV:GGACTACHVGGGTWTCTAAT,Sequencing by synthesis,1015:M01,40.01,n,CCME,M01 stool,1203465600,59.0,0.132658303564
91,1208649600,1015_4_21_M01_S1007,GCCTGCAGTACT,GTGTGCCAGCMGCCGCGGTAA,swab,n,CCME,Knight_Bangladesh_travel_series,stool,33.0,V4,184.8,human gut metagenome,0,UBERON:feces,M01,CCME,9606,408170,UBERON:feces,1624.1,2/25/13,4/21/12,0.0,Bangladesh_FO_16s_NoIndex_sequences,ENVO:human-associated habitat,male,illumina,"Boulder, CO",GAZ:United States of America,170.0,Knight_Bangladesh_travel_series,M01,2.0,".1,g",years,UBERON:feces,1015,Illumina HiSeq V4,time series for 4 travellers who went to Bangladesh on the same trip,-105.27,human,right,Mexico,ENVO:feces,16S rRNA,ENVO:human-associated habitat,,UBERON:feces,,CCME,n,FWD:GTGCCAGCMGCCGCGGTAA; REV:GGACTACHVGGGTWTCTAAT,Sequencing by synthesis,1015:M01,40.01,n,CCME,M01 stool,1203465600,60.0,0.328856131792
92,1208736000,1015_4_22_M01_S805,GGTCGTGTCTTG,GTGTGCCAGCMGCCGCGGTAA,swab,n,CCME,Knight_Bangladesh_travel_series,stool,33.0,V4,184.8,human gut metagenome,0,UBERON:feces,M01,CCME,9606,408170,UBERON:feces,1624.1,2/25/13,4/22/12,0.0,Bangladesh_FO_16s_NoIndex_sequences,ENVO:human-associated habitat,male,illumina,"Boulder, CO",GAZ:United States of America,170.0,Knight_Bangladesh_travel_series,M01,2.0,".1,g",years,UBERON:feces,1015,Illumina HiSeq V4,time series for 4 travellers who went to Bangladesh on the same trip,-105.27,human,right,Mexico,ENVO:feces,16S rRNA,ENVO:human-associated habitat,,UBERON:feces,,CCME,n,FWD:GTGCCAGCMGCCGCGGTAA; REV:GGACTACHVGGGTWTCTAAT,Sequencing by synthesis,1015:M01,40.01,n,CCME,M01 stool,1203465600,61.0,0.292933223707
93,1208822400,1015_4_23_M01_S1616,GCCCAAGTTCAC,GTGTGCCAGCMGCCGCGGTAA,swab,n,CCME,Knight_Bangladesh_travel_series,stool,33.0,V4,184.8,human gut metagenome,0,UBERON:feces,M01,CCME,9606,408170,UBERON:feces,1624.1,2/25/13,4/23/12,0.0,Bangladesh_FO_16s_NoIndex_sequences,ENVO:human-associated habitat,male,illumina,"Boulder, CO",GAZ:United States of America,170.0,Knight_Bangladesh_travel_series,M01,4.0,".1,g",years,UBERON:feces,1015,Illumina HiSeq V4,time series for 4 travellers who went to Bangladesh on the same trip,-105.27,human,right,Mexico,ENVO:feces,16S rRNA,ENVO:human-associated habitat,,UBERON:feces,,CCME,n,FWD:GTGCCAGCMGCCGCGGTAA; REV:GGACTACHVGGGTWTCTAAT,Sequencing by synthesis,1015:M01,40.01,n,CCME,M01 stool,1203465600,62.0,0.144252043718
94,1208908800,1015_4_24_M01_S500,CAGGATTCGTAC,GTGTGCCAGCMGCCGCGGTAA,swab,n,CCME,Knight_Bangladesh_travel_series,stool,33.0,V4,184.8,human gut metagenome,0,UBERON:feces,M01,CCME,9606,408170,UBERON:feces,1624.1,2/25/13,4/24/12,0.0,Bangladesh_FO_16s_NoIndex_sequences,ENVO:human-associated habitat,male,illumina,"Boulder, CO",GAZ:United States of America,170.0,Knight_Bangladesh_travel_series,M01,1.0,".1,g",years,UBERON:feces,1015,Illumina HiSeq V4,time series for 4 travellers who went to Bangladesh on the same trip,-105.27,human,right,Mexico,ENVO:feces,16S rRNA,ENVO:human-associated habitat,,UBERON:feces,,CCME,n,FWD:GTGCCAGCMGCCGCGGTAA; REV:GGACTACHVGGGTWTCTAAT,Sequencing by synthesis,1015:M01,40.01,n,CCME,M01 stool,1203465600,63.0,0.0860751996604
95,1208995200,1015_4_25_M01_S550,AATCAACTAGGC,GTGTGCCAGCMGCCGCGGTAA,swab,n,CCME,Knight_Bangladesh_travel_series,stool,33.0,V4,184.8,human gut metagenome,0,UBERON:feces,M01,CCME,9606,408170,UBERON:feces,1624.1,2/25/13,4/25/12,0.0,Bangladesh_FO_16s_NoIndex_sequences,ENVO:human-associated habitat,male,illumina,"Boulder, CO",GAZ:United States of America,170.0,Knight_Bangladesh_travel_series,M01,1.0,".1,g",years,UBERON:feces,1015,Illumina HiSeq V4,time series for 4 travellers who went to Bangladesh on the same trip,-105.27,human,right,Mexico,ENVO:feces,16S rRNA,ENVO:human-associated habitat,,UBERON:feces,,CCME,n,FWD:GTGCCAGCMGCCGCGGTAA; REV:GGACTACHVGGGTWTCTAAT,Sequencing by synthesis,1015:M01,40.01,n,CCME,M01 stool,1203465600,64.0,0.249098799642
96,1209081600,1015_4_26_M01_S840,ACTCATCTTCCA,GTGTGCCAGCMGCCGCGGTAA,swab,n,CCME,Knight_Bangladesh_travel_series,stool,33.0,V4,184.8,human gut metagenome,0,UBERON:feces,M01,CCME,9606,408170,UBERON:feces,1624.1,2/25/13,4/26/12,0.0,Bangladesh_FO_16s_NoIndex_sequences,ENVO:human-associated habitat,male,illumina,"Boulder, CO",GAZ:United States of America,170.0,Knight_Bangladesh_travel_series,M01,1.0,".1,g",years,UBERON:feces,1015,Illumina HiSeq V4,time series for 4 travellers who went to Bangladesh on the same trip,-105.27,human,right,Mexico,ENVO:feces,16S rRNA,ENVO:human-associated habitat,,UBERON:feces,,CCME,n,FWD:GTGCCAGCMGCCGCGGTAA; REV:GGACTACHVGGGTWTCTAAT,Sequencing by synthesis,1015:M01,40.01,n,CCME,M01 stool,1203465600,65.0,
